{
	"credit": "Made with Blockbench",
	"texture_size": [128, 128],
	"textures": {
		"0": "item/kart_texture",
		"particle": "item/kart_texture"
	},
	"elements": [
		{
			"from": [-3.52715, 5.27341, 11.97363],
			"to": [0.90637, 6.16011, 17.29386],
			"rotation": {"angle": 0, "axis": "x", "origin": [7.29064, 3.5, 14.63374]},
			"faces": {
				"north": {"uv": [6.75, 6.125, 7.125, 6.25], "texture": "#0"},
				"east": {"uv": [6.75, 6.375, 7.125, 6.5], "texture": "#0"},
				"south": {"uv": [0, 6.875, 0.375, 7], "texture": "#0"},
				"west": {"uv": [6.875, 0, 7.25, 0.125], "texture": "#0"},
				"up": {"uv": [2.5, 5.875, 2.125, 5.5], "texture": "#0"},
				"down": {"uv": [5.875, 2.375, 5.5, 2.75], "texture": "#0"}
			}
		},
		{
			"from": [-3.52715, 0.83989, 11.97363],
			"to": [0.90637, 1.72659, 17.29386],
			"rotation": {"angle": 0, "axis": "x", "origin": [7.29064, 3.5, 14.63374]},
			"faces": {
				"north": {"uv": [6.875, 0.25, 7.25, 0.375], "texture": "#0"},
				"east": {"uv": [6.875, 3.375, 7.25, 3.5], "texture": "#0"},
				"south": {"uv": [6.875, 4.625, 7.25, 4.75], "texture": "#0"},
				"west": {"uv": [6.875, 6.625, 7.25, 6.75], "texture": "#0"},
				"up": {"uv": [3, 5.875, 2.625, 5.5], "texture": "#0"},
				"down": {"uv": [3.5, 5.5, 3.125, 5.875], "texture": "#0"}
			}
		},
		{
			"from": [-3.52715, 1.72659, 11.97363],
			"to": [0.90637, 5.27341, 12.86034],
			"rotation": {"angle": 0, "axis": "x", "origin": [7.29064, 3.5, 14.63374]},
			"faces": {
				"north": {"uv": [5.25, 6.125, 5.625, 6.375], "texture": "#0"},
				"east": {"uv": [5.25, 7.5, 5.375, 7.75], "texture": "#0"},
				"south": {"uv": [6.25, 0.75, 6.625, 1], "texture": "#0"},
				"west": {"uv": [5.5, 7.5, 5.625, 7.75], "texture": "#0"},
				"up": {"uv": [7.25, 7, 6.875, 6.875], "texture": "#0"},
				"down": {"uv": [7.375, 0.5, 7, 0.625], "texture": "#0"}
			}
		},
		{
			"from": [-3.52715, 1.72659, 16.40715],
			"to": [0.90637, 5.27341, 17.29386],
			"rotation": {"angle": 0, "axis": "x", "origin": [7.29064, 3.5, 14.63374]},
			"faces": {
				"north": {"uv": [6.25, 2, 6.625, 2.25], "texture": "#0"},
				"east": {"uv": [5.75, 7.5, 5.875, 7.75], "texture": "#0"},
				"south": {"uv": [6.25, 2.875, 6.625, 3.125], "texture": "#0"},
				"west": {"uv": [6, 7.5, 6.125, 7.75], "texture": "#0"},
				"up": {"uv": [2.375, 7.125, 2, 7], "texture": "#0"},
				"down": {"uv": [2.875, 7, 2.5, 7.125], "texture": "#0"}
			}
		},
		{
			"from": [-3.17247, 1.72659, 12.86034],
			"to": [-2.28577, 5.27341, 16.40715],
			"rotation": {"angle": 0, "axis": "x", "origin": [7.29064, 3.5, 14.63374]},
			"faces": {
				"north": {"uv": [7.5, 6.125, 7.625, 6.375], "texture": "#0"},
				"east": {"uv": [5.75, 6.625, 6, 6.875], "texture": "#0"},
				"south": {"uv": [6.25, 7.5, 6.375, 7.75], "texture": "#0"},
				"west": {"uv": [6.125, 6.625, 6.375, 6.875], "texture": "#0"},
				"up": {"uv": [7.625, 7.625, 7.5, 7.375], "texture": "#0"},
				"down": {"uv": [0.125, 7.625, 0, 7.875], "texture": "#0"}
			}
		},
		{
			"from": [15.09363, 5.27341, 11.97363],
			"to": [19.52715, 6.16011, 17.29386],
			"rotation": {"angle": 0, "axis": "x", "origin": [7.29064, 3.5, 14.63374]},
			"faces": {
				"north": {"uv": [3, 7, 3.375, 7.125], "texture": "#0"},
				"east": {"uv": [7, 4.375, 7.375, 4.5], "texture": "#0"},
				"south": {"uv": [5.75, 7, 6.125, 7.125], "texture": "#0"},
				"west": {"uv": [6.25, 7, 6.625, 7.125], "texture": "#0"},
				"up": {"uv": [4, 5.875, 3.625, 5.5], "texture": "#0"},
				"down": {"uv": [4.5, 5.5, 4.125, 5.875], "texture": "#0"}
			}
		},
		{
			"from": [15.09363, 0.83989, 11.97363],
			"to": [19.52715, 1.72659, 17.29386],
			"rotation": {"angle": 0, "axis": "x", "origin": [7.29064, 3.5, 14.63374]},
			"faces": {
				"north": {"uv": [0, 7.125, 0.375, 7.25], "texture": "#0"},
				"east": {"uv": [0.5, 7.125, 0.875, 7.25], "texture": "#0"},
				"south": {"uv": [7.125, 0.75, 7.5, 0.875], "texture": "#0"},
				"west": {"uv": [1, 7.125, 1.375, 7.25], "texture": "#0"},
				"up": {"uv": [0.375, 6, 0, 5.625], "texture": "#0"},
				"down": {"uv": [0.875, 5.625, 0.5, 6], "texture": "#0"}
			}
		},
		{
			"from": [15.09363, 1.72659, 16.40715],
			"to": [19.52715, 5.27341, 17.29386],
			"rotation": {"angle": 0, "axis": "x", "origin": [7.29064, 3.5, 14.63374]},
			"faces": {
				"north": {"uv": [6.25, 5.125, 6.625, 5.375], "texture": "#0"},
				"east": {"uv": [7.625, 0, 7.75, 0.25], "texture": "#0"},
				"south": {"uv": [6.25, 5.5, 6.625, 5.75], "texture": "#0"},
				"west": {"uv": [0.25, 7.625, 0.375, 7.875], "texture": "#0"},
				"up": {"uv": [1.875, 7.25, 1.5, 7.125], "texture": "#0"},
				"down": {"uv": [3.875, 7.125, 3.5, 7.25], "texture": "#0"}
			}
		},
		{
			"from": [15.09363, 1.72659, 11.97363],
			"to": [19.52715, 5.27341, 12.86034],
			"rotation": {"angle": 0, "axis": "x", "origin": [7.29064, 3.5, 14.63374]},
			"faces": {
				"north": {"uv": [5.75, 6.25, 6.125, 6.5], "texture": "#0"},
				"east": {"uv": [0.75, 7.625, 0.875, 7.875], "texture": "#0"},
				"south": {"uv": [6.25, 5.875, 6.625, 6.125], "texture": "#0"},
				"west": {"uv": [1, 7.625, 1.125, 7.875], "texture": "#0"},
				"up": {"uv": [7.5, 3.75, 7.125, 3.625], "texture": "#0"},
				"down": {"uv": [7.5, 3.875, 7.125, 4], "texture": "#0"}
			}
		},
		{
			"from": [15.09363, 1.72659, 12.86034],
			"to": [19.17247, 5.27341, 16.40715],
			"rotation": {"angle": 0, "axis": "x", "origin": [7.29064, 3.5, 14.63374]},
			"faces": {
				"north": {"uv": [6.5, 6.625, 6.75, 6.875], "texture": "#0"},
				"east": {"uv": [0.5, 6.75, 0.75, 7], "texture": "#0"},
				"south": {"uv": [6.75, 0.75, 7, 1], "texture": "#0"},
				"west": {"uv": [0.875, 6.75, 1.125, 7], "texture": "#0"},
				"up": {"uv": [1.5, 7, 1.25, 6.75], "texture": "#0"},
				"down": {"uv": [1.875, 6.75, 1.625, 7], "texture": "#0"}
			}
		},
		{
			"from": [15.09363, 7.04682, -9.30726],
			"to": [19.52715, 7.93352, -2.21363],
			"rotation": {"angle": 0, "axis": "x", "origin": [8, 4.3867, -5.76045]},
			"faces": {
				"north": {"uv": [4, 7.125, 4.375, 7.25], "texture": "#0"},
				"east": {"uv": [1, 3.875, 1.5, 4], "texture": "#0"},
				"south": {"uv": [7.125, 4.125, 7.5, 4.25], "texture": "#0"},
				"west": {"uv": [1.875, 4.125, 2.375, 4.25], "texture": "#0"},
				"up": {"uv": [2.125, 3.125, 1.75, 2.625], "texture": "#0"},
				"down": {"uv": [3.375, 4.875, 3, 5.375], "texture": "#0"}
			}
		},
		{
			"from": [15.09363, 0.83989, -9.30726],
			"to": [19.52715, 1.72659, -2.21363],
			"rotation": {"angle": 0, "axis": "x", "origin": [8, 4.3867, -5.76045]},
			"faces": {
				"north": {"uv": [4.5, 7.125, 4.875, 7.25], "texture": "#0"},
				"east": {"uv": [5.25, 4.625, 5.75, 4.75], "texture": "#0"},
				"south": {"uv": [7.125, 4.875, 7.5, 5], "texture": "#0"},
				"west": {"uv": [6.75, 1.875, 7.25, 2], "texture": "#0"},
				"up": {"uv": [5.25, 3.5, 4.875, 3], "texture": "#0"},
				"down": {"uv": [3.875, 4.875, 3.5, 5.375], "texture": "#0"}
			}
		},
		{
			"from": [15.09363, 1.72659, -3.10034],
			"to": [19.52715, 7.04682, -2.21363],
			"rotation": {"angle": 0, "axis": "x", "origin": [8, 4.3867, -5.76045]},
			"faces": {
				"north": {"uv": [5.75, 2.875, 6.125, 3.25], "texture": "#0"},
				"east": {"uv": [5, 6.75, 5.125, 7.125], "texture": "#0"},
				"south": {"uv": [5.75, 5.25, 6.125, 5.625], "texture": "#0"},
				"west": {"uv": [7.125, 5.125, 7.25, 5.5], "texture": "#0"},
				"up": {"uv": [7.5, 5.75, 7.125, 5.625], "texture": "#0"},
				"down": {"uv": [7.5, 5.875, 7.125, 6], "texture": "#0"}
			}
		},
		{
			"from": [15.09363, 1.72659, -9.30726],
			"to": [19.52715, 7.04682, -8.42056],
			"rotation": {"angle": 0, "axis": "x", "origin": [8, 4.3867, -5.76045]},
			"faces": {
				"north": {"uv": [5.75, 5.75, 6.125, 6.125], "texture": "#0"},
				"east": {"uv": [6.75, 7.125, 6.875, 7.5], "texture": "#0"},
				"south": {"uv": [5.875, 0, 6.25, 0.375], "texture": "#0"},
				"west": {"uv": [7, 7.125, 7.125, 7.5], "texture": "#0"},
				"up": {"uv": [7.625, 1.125, 7.25, 1], "texture": "#0"},
				"down": {"uv": [7.625, 1.25, 7.25, 1.375], "texture": "#0"}
			}
		},
		{
			"from": [18.28577, 1.72659, -8.42056],
			"to": [19.17247, 7.04682, -3.10034],
			"rotation": {"angle": 0, "axis": "x", "origin": [8, 4.3867, -5.76045]},
			"faces": {
				"north": {"uv": [2, 7.25, 2.125, 7.625], "texture": "#0"},
				"east": {"uv": [5.875, 1.125, 6.25, 1.5], "texture": "#0"},
				"south": {"uv": [2.25, 7.25, 2.375, 7.625], "texture": "#0"},
				"west": {"uv": [5.875, 4.625, 6.25, 5], "texture": "#0"},
				"up": {"uv": [2.625, 7.625, 2.5, 7.25], "texture": "#0"},
				"down": {"uv": [2.875, 7.25, 2.75, 7.625], "texture": "#0"}
			}
		},
		{
			"from": [-3.52715, 0.83989, -9.30726],
			"to": [0.90637, 1.72659, -2.21363],
			"rotation": {"angle": 0, "axis": "x", "origin": [8, 4.3867, -5.76045]},
			"faces": {
				"north": {"uv": [3, 7.25, 3.375, 7.375], "texture": "#0"},
				"east": {"uv": [2, 6.75, 2.5, 6.875], "texture": "#0"},
				"south": {"uv": [5, 7.25, 5.375, 7.375], "texture": "#0"},
				"west": {"uv": [6.75, 2.125, 7.25, 2.25], "texture": "#0"},
				"up": {"uv": [5.25, 4.125, 4.875, 3.625], "texture": "#0"},
				"down": {"uv": [4.375, 4.875, 4, 5.375], "texture": "#0"}
			}
		},
		{
			"from": [-3.52715, 7.04682, -9.30726],
			"to": [0.90637, 7.93352, -2.21363],
			"rotation": {"angle": 0, "axis": "x", "origin": [8, 4.3867, -5.76045]},
			"faces": {
				"north": {"uv": [5.5, 7.25, 5.875, 7.375], "texture": "#0"},
				"east": {"uv": [2.625, 6.75, 3.125, 6.875], "texture": "#0"},
				"south": {"uv": [6, 7.25, 6.375, 7.375], "texture": "#0"},
				"west": {"uv": [6.75, 2.875, 7.25, 3], "texture": "#0"},
				"up": {"uv": [4.875, 5.375, 4.5, 4.875], "texture": "#0"},
				"down": {"uv": [5.375, 2.25, 5, 2.75], "texture": "#0"}
			}
		},
		{
			"from": [-3.52715, 1.72659, -9.30726],
			"to": [0.90637, 7.04682, -8.42056],
			"rotation": {"angle": 0, "axis": "x", "origin": [8, 4.3867, -5.76045]},
			"faces": {
				"north": {"uv": [1, 6, 1.375, 6.375], "texture": "#0"},
				"east": {"uv": [7.25, 6.125, 7.375, 6.5], "texture": "#0"},
				"south": {"uv": [1.5, 6, 1.875, 6.375], "texture": "#0"},
				"west": {"uv": [6.5, 7.25, 6.625, 7.625], "texture": "#0"},
				"up": {"uv": [7.625, 7.25, 7.25, 7.125], "texture": "#0"},
				"down": {"uv": [0.375, 7.375, 0, 7.5], "texture": "#0"}
			}
		},
		{
			"from": [-3.52715, 1.72659, -3.10034],
			"to": [0.90637, 7.04682, -2.21363],
			"rotation": {"angle": 0, "axis": "x", "origin": [8, 4.3867, -5.76045]},
			"faces": {
				"north": {"uv": [2, 6, 2.375, 6.375], "texture": "#0"},
				"east": {"uv": [7.375, 0, 7.5, 0.375], "texture": "#0"},
				"south": {"uv": [6, 2.375, 6.375, 2.75], "texture": "#0"},
				"west": {"uv": [0.5, 7.375, 0.625, 7.75], "texture": "#0"},
				"up": {"uv": [1.125, 7.5, 0.75, 7.375], "texture": "#0"},
				"down": {"uv": [1.625, 7.375, 1.25, 7.5], "texture": "#0"}
			}
		},
		{
			"from": [-3.17247, 1.72659, -8.42056],
			"to": [-2.28577, 7.04682, -3.10034],
			"rotation": {"angle": 0, "axis": "x", "origin": [8, 4.3867, -5.76045]},
			"faces": {
				"north": {"uv": [7.375, 1.5, 7.5, 1.875], "texture": "#0"},
				"east": {"uv": [2.5, 6, 2.875, 6.375], "texture": "#0"},
				"south": {"uv": [1.75, 7.375, 1.875, 7.75], "texture": "#0"},
				"west": {"uv": [3, 6, 3.375, 6.375], "texture": "#0"},
				"up": {"uv": [7.5, 2.375, 7.375, 2], "texture": "#0"},
				"down": {"uv": [7.5, 2.5, 7.375, 2.875], "texture": "#0"}
			}
		},
		{
			"from": [5.78324, 12.36704, 11.97363],
			"to": [10.21676, 13.25374, 12.86034],
			"rotation": {"angle": 22.5, "axis": "x", "origin": [7.55665, 12.58872, 10.20022]},
			"faces": {
				"north": {"uv": [7.375, 3, 7.75, 3.125], "texture": "#0"},
				"east": {"uv": [4.75, 7.625, 4.875, 7.75], "texture": "#0"},
				"south": {"uv": [7.375, 3.25, 7.75, 3.375], "texture": "#0"},
				"west": {"uv": [2.75, 7.75, 2.875, 7.875], "texture": "#0"},
				"up": {"uv": [3.875, 7.5, 3.5, 7.375], "texture": "#0"},
				"down": {"uv": [4.375, 7.375, 4, 7.5], "texture": "#0"}
			}
		},
		{
			"from": [5.78324, 9.70693, 11.97363],
			"to": [6.66994, 12.36704, 12.86034],
			"rotation": {"angle": 22.5, "axis": "x", "origin": [7.55665, 12.58872, 10.20022]},
			"faces": {
				"north": {"uv": [1.25, 7.625, 1.375, 7.875], "texture": "#0"},
				"east": {"uv": [1.5, 7.625, 1.625, 7.875], "texture": "#0"},
				"south": {"uv": [7.625, 1.5, 7.75, 1.75], "texture": "#0"},
				"west": {"uv": [7.625, 1.875, 7.75, 2.125], "texture": "#0"},
				"up": {"uv": [6.625, 7.875, 6.5, 7.75], "texture": "#0"},
				"down": {"uv": [0.625, 7.875, 0.5, 8], "texture": "#0"}
			}
		},
		{
			"from": [7.55665, 11.48034, 11.97363],
			"to": [8.44335, 12.36704, 12.86034],
			"rotation": {"angle": 22.5, "axis": "x", "origin": [7.55665, 12.58872, 10.20022]},
			"faces": {
				"north": {"uv": [1.75, 7.875, 1.875, 8], "texture": "#0"},
				"east": {"uv": [7.875, 2, 8, 2.125], "texture": "#0"},
				"south": {"uv": [7.875, 3, 8, 3.125], "texture": "#0"},
				"west": {"uv": [7.875, 3.25, 8, 3.375], "texture": "#0"},
				"up": {"uv": [8, 3.625, 7.875, 3.5], "texture": "#0"},
				"down": {"uv": [8, 3.75, 7.875, 3.875], "texture": "#0"}
			}
		},
		{
			"from": [6.66994, 10.59363, 11.97363],
			"to": [9.33006, 11.48034, 12.86034],
			"rotation": {"angle": 22.5, "axis": "x", "origin": [7.55665, 12.58872, 10.20022]},
			"faces": {
				"north": {"uv": [4.875, 4.25, 5.125, 4.375], "texture": "#0"},
				"east": {"uv": [4, 7.875, 4.125, 8], "texture": "#0"},
				"south": {"uv": [7.625, 0.75, 7.875, 0.875], "texture": "#0"},
				"west": {"uv": [7.875, 4, 8, 4.125], "texture": "#0"},
				"up": {"uv": [7.875, 2.375, 7.625, 2.25], "texture": "#0"},
				"down": {"uv": [7.875, 2.5, 7.625, 2.625], "texture": "#0"}
			}
		},
		{
			"from": [7.55665, 9.70693, 11.97363],
			"to": [8.44335, 10.59363, 12.86034],
			"rotation": {"angle": 22.5, "axis": "x", "origin": [7.55665, 12.58872, 10.20022]},
			"faces": {
				"north": {"uv": [4.25, 7.875, 4.375, 8], "texture": "#0"},
				"east": {"uv": [4.5, 7.875, 4.625, 8], "texture": "#0"},
				"south": {"uv": [7.875, 4.625, 8, 4.75], "texture": "#0"},
				"west": {"uv": [4.75, 7.875, 4.875, 8], "texture": "#0"},
				"up": {"uv": [8, 5.25, 7.875, 5.125], "texture": "#0"},
				"down": {"uv": [5.375, 7.875, 5.25, 8], "texture": "#0"}
			}
		},
		{
			"from": [5.78324, 8.82022, 11.97363],
			"to": [10.21676, 9.70693, 12.86034],
			"rotation": {"angle": 22.5, "axis": "x", "origin": [7.55665, 12.58872, 10.20022]},
			"faces": {
				"north": {"uv": [4.5, 7.375, 4.875, 7.5], "texture": "#0"},
				"east": {"uv": [7.875, 5.375, 8, 5.5], "texture": "#0"},
				"south": {"uv": [7.375, 4.625, 7.75, 4.75], "texture": "#0"},
				"west": {"uv": [5.5, 7.875, 5.625, 8], "texture": "#0"},
				"up": {"uv": [7.75, 5.25, 7.375, 5.125], "texture": "#0"},
				"down": {"uv": [7.75, 5.375, 7.375, 5.5], "texture": "#0"}
			}
		},
		{
			"from": [9.33006, 9.70693, 11.97363],
			"to": [10.21676, 12.36704, 12.86034],
			"rotation": {"angle": 22.5, "axis": "x", "origin": [7.55665, 12.58872, 10.20022]},
			"faces": {
				"north": {"uv": [3.5, 7.625, 3.625, 7.875], "texture": "#0"},
				"east": {"uv": [7.625, 3.5, 7.75, 3.75], "texture": "#0"},
				"south": {"uv": [3.75, 7.625, 3.875, 7.875], "texture": "#0"},
				"west": {"uv": [7.625, 3.875, 7.75, 4.125], "texture": "#0"},
				"up": {"uv": [5.875, 8, 5.75, 7.875], "texture": "#0"},
				"down": {"uv": [6.125, 7.875, 6, 8], "texture": "#0"}
			}
		},
		{
			"from": [7.55665, 10.59363, 12.86034],
			"to": [8.44335, 11.48034, 13.74704],
			"rotation": {"angle": 22.5, "axis": "x", "origin": [7.55665, 12.58872, 10.20022]},
			"faces": {
				"north": {"uv": [6.25, 7.875, 6.375, 8], "texture": "#0"},
				"east": {"uv": [7.875, 6.625, 8, 6.75], "texture": "#0"},
				"south": {"uv": [6.75, 7.875, 6.875, 8], "texture": "#0"},
				"west": {"uv": [7.875, 6.875, 8, 7], "texture": "#0"},
				"up": {"uv": [7.125, 8, 7, 7.875], "texture": "#0"},
				"down": {"uv": [7.375, 7.875, 7.25, 8], "texture": "#0"}
			}
		},
		{
			"from": [0.90637, 1.72659, -1.32693],
			"to": [15.09363, 5.27341, 20.84067],
			"rotation": {"angle": 0, "axis": "y", "origin": [8, 3.5, 4.88]},
			"faces": {
				"north": {"uv": [3.875, 0.5, 4.875, 0.75], "texture": "#0"},
				"east": {"uv": [0, 3.5, 1.625, 3.75], "texture": "#0"},
				"south": {"uv": [1.875, 4.375, 2.875, 4.625], "texture": "#0"},
				"west": {"uv": [3.625, 0.875, 5.25, 1.125], "texture": "#0"},
				"up": {"uv": [1, 1.625, 0, 0], "texture": "#0"},
				"down": {"uv": [2.125, 0, 1.125, 1.625], "texture": "#0"}
			}
		},
		{
			"from": [0.90637, 1.72659, -11.08067],
			"to": [15.09363, 5.27341, -1.32693],
			"rotation": {"angle": 0, "axis": "y", "origin": [8, 3.5, -16.4009]},
			"faces": {
				"north": {"uv": [3, 4.5, 4, 4.75], "texture": "#0"},
				"east": {"uv": [5, 0.375, 5.75, 0.625], "texture": "#0"},
				"south": {"uv": [4.125, 4.5, 5.125, 4.75], "texture": "#0"},
				"west": {"uv": [5, 4.875, 5.75, 5.125], "texture": "#0"},
				"up": {"uv": [1, 2.5, 0, 1.75], "texture": "#0"},
				"down": {"uv": [2.125, 1.75, 1.125, 2.5], "texture": "#0"}
			}
		},
		{
			"from": [15.09363, 1.72659, -1.32693],
			"to": [19.52715, 5.27341, 11.08693],
			"rotation": {"angle": 0, "axis": "y", "origin": [12.43352, 5.27341, 4.88]},
			"faces": {
				"north": {"uv": [6.25, 6.25, 6.625, 6.5], "texture": "#0"},
				"east": {"uv": [4.75, 0, 5.625, 0.25], "texture": "#0"},
				"south": {"uv": [6.375, 0, 6.75, 0.25], "texture": "#0"},
				"west": {"uv": [1, 4.75, 1.875, 5], "texture": "#0"},
				"up": {"uv": [3, 4.25, 2.625, 3.375], "texture": "#0"},
				"down": {"uv": [4.125, 1.25, 3.75, 2.125], "texture": "#0"}
			}
		},
		{
			"from": [15.98034, 5.27341, -0.44022],
			"to": [18.64045, 6.16011, 10.20022],
			"rotation": {"angle": 0, "axis": "y", "origin": [12.43352, 8.82022, 4.88]},
			"faces": {
				"north": {"uv": [7.625, 2.75, 7.875, 2.875], "texture": "#0"},
				"east": {"uv": [6.125, 4.375, 6.875, 4.5], "texture": "#0"},
				"south": {"uv": [4, 7.625, 4.25, 7.75], "texture": "#0"},
				"west": {"uv": [6.375, 1.125, 7.125, 1.25], "texture": "#0"},
				"up": {"uv": [1.25, 5.875, 1, 5.125], "texture": "#0"},
				"down": {"uv": [5.375, 1.25, 5.125, 2], "texture": "#0"}
			}
		},
		{
			"from": [-3.52715, 1.72659, -1.32693],
			"to": [0.90637, 5.27341, 11.08693],
			"rotation": {"angle": 0, "axis": "y", "origin": [-6.18726, 5.27341, 4.88]},
			"faces": {
				"north": {"uv": [6.375, 4.625, 6.75, 4.875], "texture": "#0"},
				"east": {"uv": [2, 4.75, 2.875, 5], "texture": "#0"},
				"south": {"uv": [0, 6.5, 0.375, 6.75], "texture": "#0"},
				"west": {"uv": [0, 4.875, 0.875, 5.125], "texture": "#0"},
				"up": {"uv": [0.375, 4.75, 0, 3.875], "texture": "#0"},
				"down": {"uv": [0.875, 3.875, 0.5, 4.75], "texture": "#0"}
			}
		},
		{
			"from": [-2.64045, 5.27341, -0.44022],
			"to": [0.01966, 6.16011, 10.20022],
			"rotation": {"angle": 0, "axis": "y", "origin": [-6.18726, 8.82022, 4.88]},
			"faces": {
				"north": {"uv": [4.375, 7.625, 4.625, 7.75], "texture": "#0"},
				"east": {"uv": [6.375, 1.375, 7.125, 1.5], "texture": "#0"},
				"south": {"uv": [7.625, 4.875, 7.875, 5], "texture": "#0"},
				"west": {"uv": [1, 6.5, 1.75, 6.625], "texture": "#0"},
				"up": {"uv": [1.625, 5.875, 1.375, 5.125], "texture": "#0"},
				"down": {"uv": [2, 5.125, 1.75, 5.875], "texture": "#0"}
			}
		},
		{
			"from": [3.56648, 5.27341, 12.86034],
			"to": [12.43352, 8.82022, 28.82101],
			"rotation": {"angle": 22.5, "axis": "x", "origin": [8, 8.1552, 20.84067]},
			"faces": {
				"north": {"uv": [5.375, 3.75, 6, 4], "texture": "#0"},
				"east": {"uv": [3.75, 2.25, 4.875, 2.5], "texture": "#0"},
				"south": {"uv": [5.5, 2, 6.125, 2.25], "texture": "#0"},
				"west": {"uv": [3.75, 2.625, 4.875, 2.875], "texture": "#0"},
				"up": {"uv": [2.875, 1.125, 2.25, 0], "texture": "#0"},
				"down": {"uv": [2.875, 1.25, 2.25, 2.375], "texture": "#0"}
			}
		},
		{
			"from": [4.45318, 8.82022, 13.74704],
			"to": [11.54682, 9.70693, 27.9343],
			"rotation": {"angle": 22.5, "axis": "x", "origin": [8, 8.1552, 20.84067]},
			"faces": {
				"north": {"uv": [6.75, 3.125, 7.25, 3.25], "texture": "#0"},
				"east": {"uv": [5.75, 3.375, 6.75, 3.5], "texture": "#0"},
				"south": {"uv": [3.25, 6.75, 3.75, 6.875], "texture": "#0"},
				"west": {"uv": [5.875, 0.5, 6.875, 0.625], "texture": "#0"},
				"up": {"uv": [3.5, 1.875, 3, 0.875], "texture": "#0"},
				"down": {"uv": [3.625, 2, 3.125, 3], "texture": "#0"}
			}
		},
		{
			"from": [2.67978, 5.27341, -0.44022],
			"to": [13.32022, 7.04682, 10.20022],
			"rotation": {"angle": 0, "axis": "y", "origin": [8, 7.04682, 4.88]},
			"faces": {
				"north": {"uv": [6.5, 1.625, 7.25, 1.75], "texture": "#0"},
				"east": {"uv": [1.875, 6.5, 2.625, 6.625], "texture": "#0"},
				"south": {"uv": [6.5, 2.375, 7.25, 2.5], "texture": "#0"},
				"west": {"uv": [6.5, 2.625, 7.25, 2.75], "texture": "#0"},
				"up": {"uv": [3, 3.25, 2.25, 2.5], "texture": "#0"},
				"down": {"uv": [0.75, 2.625, 0, 3.375], "texture": "#0"}
			}
		},
		{
			"from": [2.67978, 7.04682, -0.44022],
			"to": [13.32022, 15.91386, 1.33318],
			"rotation": {"angle": 0, "axis": "y", "origin": [8, 8.82022, 4.88]},
			"faces": {
				"north": {"uv": [3.125, 3.125, 3.875, 3.75], "texture": "#0"},
				"east": {"uv": [5.25, 6.5, 5.375, 7.125], "texture": "#0"},
				"south": {"uv": [1.75, 3.375, 2.5, 4], "texture": "#0"},
				"west": {"uv": [5.5, 6.5, 5.625, 7.125], "texture": "#0"},
				"up": {"uv": [3.5, 6.625, 2.75, 6.5], "texture": "#0"},
				"down": {"uv": [4.375, 6.5, 3.625, 6.625], "texture": "#0"}
			}
		},
		{
			"from": [2.67978, 10.59363, -5.76045],
			"to": [13.32022, 15.91386, -0.44022],
			"rotation": {"angle": 0, "axis": "y", "origin": [8, 12.36704, 4.88]},
			"faces": {
				"north": {"uv": [3.875, 0, 4.625, 0.375], "texture": "#0"},
				"east": {"uv": [3.5, 6, 3.875, 6.375], "texture": "#0"},
				"south": {"uv": [3.125, 3.875, 3.875, 4.25], "texture": "#0"},
				"west": {"uv": [4, 6, 4.375, 6.375], "texture": "#0"},
				"up": {"uv": [4.75, 3.375, 4, 3], "texture": "#0"},
				"down": {"uv": [4.75, 3.5, 4, 3.875], "texture": "#0"}
			}
		},
		{
			"from": [4.45318, 15.91386, -3.98704],
			"to": [6.22659, 16.80056, -2.21363],
			"rotation": {"angle": 0, "axis": "y", "origin": [2.67978, 17.68726, 4.88]},
			"faces": {
				"north": {"uv": [7.875, 7.625, 8, 7.75], "texture": "#0"},
				"east": {"uv": [7.875, 7.875, 8, 8], "texture": "#0"},
				"south": {"uv": [0, 8, 0.125, 8.125], "texture": "#0"},
				"west": {"uv": [0.25, 8, 0.375, 8.125], "texture": "#0"},
				"up": {"uv": [8.125, 0.625, 8, 0.5], "texture": "#0"},
				"down": {"uv": [0.875, 8, 0.75, 8.125], "texture": "#0"}
			}
		},
		{
			"from": [9.77341, 15.91386, -3.98704],
			"to": [11.54682, 16.80056, -2.21363],
			"rotation": {"angle": 0, "axis": "y", "origin": [8, 17.68726, 4.88]},
			"faces": {
				"north": {"uv": [8, 0.75, 8.125, 0.875], "texture": "#0"},
				"east": {"uv": [1, 8, 1.125, 8.125], "texture": "#0"},
				"south": {"uv": [1.25, 8, 1.375, 8.125], "texture": "#0"},
				"west": {"uv": [1.5, 8, 1.625, 8.125], "texture": "#0"},
				"up": {"uv": [2.125, 8.125, 2, 8], "texture": "#0"},
				"down": {"uv": [2.375, 8, 2.25, 8.125], "texture": "#0"}
			}
		},
		{
			"from": [0.01966, 9.70693, -14.62749],
			"to": [3.56648, 13.25374, -7.53386],
			"rotation": {"angle": 22.5, "axis": "x", "origin": [1.79307, 11.48034, -3.10034]},
			"faces": {
				"north": {"uv": [6.75, 3.625, 7, 3.875], "texture": "#0"},
				"east": {"uv": [5.875, 1.625, 6.375, 1.875], "texture": "#0"},
				"south": {"uv": [3.875, 6.75, 4.125, 7], "texture": "#0"},
				"west": {"uv": [0, 6.125, 0.5, 6.375], "texture": "#0"},
				"up": {"uv": [4.875, 6, 4.625, 5.5], "texture": "#0"},
				"down": {"uv": [0.875, 6.125, 0.625, 6.625], "texture": "#0"}
			}
		},
		{
			"from": [12.43352, 9.70693, -14.62749],
			"to": [15.98034, 13.25374, -7.53386],
			"rotation": {"angle": 22.5, "axis": "x", "origin": [14.20693, 11.48034, -3.10034]},
			"faces": {
				"north": {"uv": [6.75, 4, 7, 4.25], "texture": "#0"},
				"east": {"uv": [6.125, 3.625, 6.625, 3.875], "texture": "#0"},
				"south": {"uv": [4.25, 6.75, 4.5, 7], "texture": "#0"},
				"west": {"uv": [6.125, 4, 6.625, 4.25], "texture": "#0"},
				"up": {"uv": [4.75, 6.625, 4.5, 6.125], "texture": "#0"},
				"down": {"uv": [5.125, 6.125, 4.875, 6.625], "texture": "#0"}
			}
		},
		{
			"from": [12.43352, 12.36704, -16],
			"to": [15.98034, 13.25374, -14.62749],
			"rotation": {"angle": 22.5, "axis": "x", "origin": [14.20693, 11.48034, -3.10034]},
			"faces": {
				"north": {"uv": [7.625, 5.625, 7.875, 5.75], "texture": "#0"},
				"east": {"uv": [8, 2.25, 8.125, 2.375], "texture": "#0"},
				"south": {"uv": [7.625, 5.875, 7.875, 6], "texture": "#0"},
				"west": {"uv": [2.5, 8, 2.625, 8.125], "texture": "#0"},
				"up": {"uv": [7, 7.75, 6.75, 7.625], "texture": "#0"},
				"down": {"uv": [8, 1, 7.75, 1.125], "texture": "#0"}
			}
		},
		{
			"from": [12.43352, 9.70693, -16],
			"to": [15.98034, 10.59363, -14.62749],
			"rotation": {"angle": 22.5, "axis": "x", "origin": [14.20693, 11.48034, -3.10034]},
			"faces": {
				"north": {"uv": [7.75, 1.25, 8, 1.375], "texture": "#0"},
				"east": {"uv": [8, 2.5, 8.125, 2.625], "texture": "#0"},
				"south": {"uv": [2, 7.75, 2.25, 7.875], "texture": "#0"},
				"west": {"uv": [2.75, 8, 2.875, 8.125], "texture": "#0"},
				"up": {"uv": [2.625, 7.875, 2.375, 7.75], "texture": "#0"},
				"down": {"uv": [8, 6.125, 7.75, 6.25], "texture": "#0"}
			}
		},
		{
			"from": [15.09363, 10.59363, -16],
			"to": [15.98034, 12.36704, -14.62749],
			"rotation": {"angle": 22.5, "axis": "x", "origin": [14.20693, 11.48034, -3.10034]},
			"faces": {
				"north": {"uv": [8, 2.75, 8.125, 2.875], "texture": "#0"},
				"east": {"uv": [3, 8, 3.125, 8.125], "texture": "#0"},
				"south": {"uv": [3.25, 8, 3.375, 8.125], "texture": "#0"},
				"west": {"uv": [3.5, 8, 3.625, 8.125], "texture": "#0"},
				"up": {"uv": [3.875, 8.125, 3.75, 8], "texture": "#0"},
				"down": {"uv": [8.125, 4.25, 8, 4.375], "texture": "#0"}
			}
		},
		{
			"from": [12.43352, 10.59363, -16],
			"to": [13.32022, 12.36704, -14.62749],
			"rotation": {"angle": 22.5, "axis": "x", "origin": [14.20693, 11.48034, -3.10034]},
			"faces": {
				"north": {"uv": [8, 4.875, 8.125, 5], "texture": "#0"},
				"east": {"uv": [5, 8, 5.125, 8.125], "texture": "#0"},
				"south": {"uv": [8, 5.625, 8.125, 5.75], "texture": "#0"},
				"west": {"uv": [8, 5.875, 8.125, 6], "texture": "#0"},
				"up": {"uv": [6.625, 8.125, 6.5, 8], "texture": "#0"},
				"down": {"uv": [7.625, 8, 7.5, 8.125], "texture": "#0"}
			}
		},
		{
			"from": [0.01966, 12.36704, -16],
			"to": [3.56648, 13.25374, -14.62749],
			"rotation": {"angle": 22.5, "axis": "x", "origin": [14.20693, 11.48034, -3.10034]},
			"faces": {
				"north": {"uv": [7.75, 6.375, 8, 6.5], "texture": "#0"},
				"east": {"uv": [0.5, 8.125, 0.625, 8.25], "texture": "#0"},
				"south": {"uv": [7.75, 7.125, 8, 7.25], "texture": "#0"},
				"west": {"uv": [8.125, 1, 8.25, 1.125], "texture": "#0"},
				"up": {"uv": [8, 7.5, 7.75, 7.375], "texture": "#0"},
				"down": {"uv": [7.75, 7.75, 7.5, 7.875], "texture": "#0"}
			}
		},
		{
			"from": [2.67978, 10.59363, -16],
			"to": [3.56648, 12.36704, -14.62749],
			"rotation": {"angle": 22.5, "axis": "x", "origin": [14.20693, 11.48034, -3.10034]},
			"faces": {
				"north": {"uv": [8.125, 1.25, 8.25, 1.375], "texture": "#0"},
				"east": {"uv": [1.75, 8.125, 1.875, 8.25], "texture": "#0"},
				"south": {"uv": [8.125, 2, 8.25, 2.125], "texture": "#0"},
				"west": {"uv": [8.125, 3, 8.25, 3.125], "texture": "#0"},
				"up": {"uv": [8.25, 3.375, 8.125, 3.25], "texture": "#0"},
				"down": {"uv": [8.25, 3.5, 8.125, 3.625], "texture": "#0"}
			}
		},
		{
			"from": [0.01966, 9.70693, -16],
			"to": [3.56648, 10.59363, -14.62749],
			"rotation": {"angle": 22.5, "axis": "x", "origin": [14.20693, 11.48034, -3.10034]},
			"faces": {
				"north": {"uv": [7.875, 0, 8.125, 0.125], "texture": "#0"},
				"east": {"uv": [8.125, 3.75, 8.25, 3.875], "texture": "#0"},
				"south": {"uv": [7.875, 0.25, 8.125, 0.375], "texture": "#0"},
				"west": {"uv": [4, 8.125, 4.125, 8.25], "texture": "#0"},
				"up": {"uv": [8.125, 1.625, 7.875, 1.5], "texture": "#0"},
				"down": {"uv": [8.125, 1.75, 7.875, 1.875], "texture": "#0"}
			}
		},
		{
			"from": [0.01966, 10.59363, -16],
			"to": [0.90637, 12.36704, -14.62749],
			"rotation": {"angle": 22.5, "axis": "x", "origin": [14.20693, 11.48034, -3.10034]},
			"faces": {
				"north": {"uv": [8.125, 4, 8.25, 4.125], "texture": "#0"},
				"east": {"uv": [4.25, 8.125, 4.375, 8.25], "texture": "#0"},
				"south": {"uv": [4.5, 8.125, 4.625, 8.25], "texture": "#0"},
				"west": {"uv": [8.125, 4.5, 8.25, 4.625], "texture": "#0"},
				"up": {"uv": [4.875, 8.25, 4.75, 8.125], "texture": "#0"},
				"down": {"uv": [8.25, 5.125, 8.125, 5.25], "texture": "#0"}
			}
		},
		{
			"from": [13.32022, 10.59363, -7.53386],
			"to": [15.09363, 12.36704, -2.21363],
			"rotation": {"angle": 22.5, "axis": "x", "origin": [14.20693, 11.48034, -3.10034]},
			"faces": {
				"north": {"uv": [5.25, 8.125, 5.375, 8.25], "texture": "#0"},
				"east": {"uv": [7.375, 6.625, 7.75, 6.75], "texture": "#0"},
				"south": {"uv": [8.125, 5.375, 8.25, 5.5], "texture": "#0"},
				"west": {"uv": [7.375, 6.875, 7.75, 7], "texture": "#0"},
				"up": {"uv": [7.375, 7.75, 7.25, 7.375], "texture": "#0"},
				"down": {"uv": [3.125, 7.5, 3, 7.875], "texture": "#0"}
			}
		},
		{
			"from": [0.90637, 10.59363, -7.53386],
			"to": [2.67978, 12.36704, -2.21363],
			"rotation": {"angle": 22.5, "axis": "x", "origin": [1.79307, 11.48034, -3.10034]},
			"faces": {
				"north": {"uv": [5.5, 8.125, 5.625, 8.25], "texture": "#0"},
				"east": {"uv": [7.5, 0.5, 7.875, 0.625], "texture": "#0"},
				"south": {"uv": [5.75, 8.125, 5.875, 8.25], "texture": "#0"},
				"west": {"uv": [7.5, 4.375, 7.875, 4.5], "texture": "#0"},
				"up": {"uv": [3.375, 7.875, 3.25, 7.5], "texture": "#0"},
				"down": {"uv": [5.125, 7.5, 5, 7.875], "texture": "#0"}
			}
		},
		{
			"from": [2.67978, 5.27341, -11.08067],
			"to": [13.32022, 10.59363, -0.44022],
			"rotation": {"angle": 0, "axis": "y", "origin": [8, 7.04682, 4.88]},
			"faces": {
				"north": {"uv": [4, 4, 4.75, 4.375], "texture": "#0"},
				"east": {"uv": [1, 4.125, 1.75, 4.5], "texture": "#0"},
				"south": {"uv": [4.25, 1.25, 5, 1.625], "texture": "#0"},
				"west": {"uv": [4.25, 1.75, 5, 2.125], "texture": "#0"},
				"up": {"uv": [1.625, 3.375, 0.875, 2.625], "texture": "#0"},
				"down": {"uv": [3.75, 0, 3, 0.75], "texture": "#0"}
			}
		},
		{
			"from": [9.77341, 10.59363, -9.30726],
			"to": [11.54682, 11.48034, -7.53386],
			"rotation": {"angle": 0, "axis": "y", "origin": [8, 12.36704, -0.44022]},
			"faces": {
				"north": {"uv": [6, 8.125, 6.125, 8.25], "texture": "#0"},
				"east": {"uv": [8.125, 6.125, 8.25, 6.25], "texture": "#0"},
				"south": {"uv": [6.25, 8.125, 6.375, 8.25], "texture": "#0"},
				"west": {"uv": [8.125, 6.375, 8.25, 6.5], "texture": "#0"},
				"up": {"uv": [8.25, 6.75, 8.125, 6.625], "texture": "#0"},
				"down": {"uv": [6.875, 8.125, 6.75, 8.25], "texture": "#0"}
			}
		},
		{
			"from": [4.45318, 10.59363, -9.30726],
			"to": [6.22659, 11.48034, -7.53386],
			"rotation": {"angle": 0, "axis": "y", "origin": [2.67978, 12.36704, -0.44022]},
			"faces": {
				"north": {"uv": [8.125, 6.875, 8.25, 7], "texture": "#0"},
				"east": {"uv": [7, 8.125, 7.125, 8.25], "texture": "#0"},
				"south": {"uv": [8.125, 7.125, 8.25, 7.25], "texture": "#0"},
				"west": {"uv": [7.25, 8.125, 7.375, 8.25], "texture": "#0"},
				"up": {"uv": [8.25, 7.5, 8.125, 7.375], "texture": "#0"},
				"down": {"uv": [8.25, 7.625, 8.125, 7.75], "texture": "#0"}
			}
		},
		{
			"from": [-2.64045, 1.72659, 17.29386],
			"to": [0.90637, 5.27341, 28.28899],
			"rotation": {"angle": 45, "axis": "y", "origin": [0.90637, 3.5, 20.84067]},
			"faces": {
				"north": {"uv": [4.625, 6.75, 4.875, 7], "texture": "#0"},
				"east": {"uv": [2.125, 5.125, 2.875, 5.375], "texture": "#0"},
				"south": {"uv": [6.75, 5, 7, 5.25], "texture": "#0"},
				"west": {"uv": [0, 5.25, 0.75, 5.5], "texture": "#0"},
				"up": {"uv": [5.25, 6, 5, 5.25], "texture": "#0"},
				"down": {"uv": [5.625, 2.875, 5.375, 3.625], "texture": "#0"}
			}
		},
		{
			"from": [15.09363, 1.72659, 17.29386],
			"to": [18.64045, 5.27341, 28.11164],
			"rotation": {"angle": -45, "axis": "y", "origin": [15.09363, 3.5, 20.84067]},
			"faces": {
				"north": {"uv": [6.75, 5.375, 7, 5.625], "texture": "#0"},
				"east": {"uv": [5.25, 4.25, 6, 4.5], "texture": "#0"},
				"south": {"uv": [6.75, 5.75, 7, 6], "texture": "#0"},
				"west": {"uv": [5.375, 0.75, 6.125, 1], "texture": "#0"},
				"up": {"uv": [5.625, 6, 5.375, 5.25], "texture": "#0"},
				"down": {"uv": [5.75, 1.125, 5.5, 1.875], "texture": "#0"}
			}
		}
	],
	"display": {
		"thirdperson_righthand": {
			"translation": [0, 15.5, 0]
		},
		"firstperson_lefthand": {
			"translation": [-13.75, 0, -26.75]
		},
		"head": {
			"rotation": [0, 180, 0],
			"translation": [0, -35.25, 68],
			"scale": [1.5, 1.5, 1.5]
		}
	},
	"groups": [
		{
			"name": "wheels_front",
			"origin": [8, 1.5, 8],
			"color": 0,
			"children": [
				{
					"name": "wheel_front_r",
					"origin": [8, 1.5, 8],
					"color": 0,
					"children": [0, 1, 2, 3, 4]
				},
				{
					"name": "wheel_front_l",
					"origin": [8, 1.5, 8],
					"color": 0,
					"children": [5, 6, 7, 8, 9]
				}
			]
		},
		{
			"name": "wheels_back",
			"origin": [8, 1.5, 8],
			"color": 0,
			"children": [
				{
					"name": "wheel_back_l",
					"origin": [8, 1.5, 8],
					"color": 0,
					"children": [10, 11, 12, 13, 14]
				},
				{
					"name": "wheel_back_r",
					"origin": [8, 1.5, 8],
					"color": 0,
					"children": [15, 16, 17, 18, 19]
				}
			]
		},
		{
			"name": "steering_wheel",
			"origin": [7.75, 6.625, 11],
			"color": 0,
			"children": [20, 21, 22, 23, 24, 25, 26, 27]
		},
		{
			"name": "base",
			"origin": [0, 4.5, 8],
			"color": 0,
			"children": [28, 29, 30, 31, 32, 33]
		},
		{
			"name": "front",
			"origin": [8, 4.125, 17],
			"color": 0,
			"children": [34, 35]
		},
		{
			"name": "chair",
			"origin": [8, 4.5, 8],
			"color": 0,
			"children": [36, 37]
		},
		{
			"name": "engine",
			"origin": [8, 3.5, 8],
			"color": 0,
			"children": [38, 39, 40, 41, 42, 43, 44, 45, 46, 47, 48, 49, 50, 51, 52, 53, 54, 55]
		},
		{
			"name": "sides",
			"origin": [12, 1.5, 17],
			"color": 0,
			"children": [56, 57]
		}
	]
}