{
	"credit": "Made with Blockbench",
	"texture_size": [100, 100],
	"textures": {
		"0": "item/kass",
		"particle": "item/kass"
	},
	"elements": [
		{
			"name": "bb_main",
			"from": [3.81133, 6.5448, 17.25968],
			"to": [14.28301, 10.73347, 21.44835],
			"rotation": {"angle": 0, "axis": "y", "origin": [8, -14.39856, 6.788]},
			"faces": {
				"north": {"uv": [7.875, 7.75, 8.9375, 8.1875], "texture": "#0"},
				"east": {"uv": [9.875, 9.25, 10.3125, 9.6875], "texture": "#0"},
				"south": {"uv": [8.125, 0.75, 9.1875, 1.1875], "texture": "#0"},
				"west": {"uv": [9.875, 9.75, 10.3125, 10.1875], "texture": "#0"},
				"up": {"uv": [9.1875, 1.6875, 8.125, 1.25], "texture": "#0"},
				"down": {"uv": [9.1875, 3.75, 8.125, 4.1875], "texture": "#0"}
			}
		},
		{
			"name": "bone",
			"from": [-4.56602, 1.14413, -9.96669],
			"to": [22.66035, 4.45046, 27.73136],
			"rotation": {"angle": 0, "axis": "y", "origin": [14.28301, 2.35613, 21.44835]},
			"faces": {
				"north": {"uv": [5.75, 1.75, 8.5625, 2.0625], "texture": "#0"},
				"east": {"uv": [5.75, 0, 9.625, 0.3125], "texture": "#0"},
				"south": {"uv": [5.75, 2.125, 8.5625, 2.4375], "texture": "#0"},
				"west": {"uv": [5.75, 0.375, 9.625, 0.6875], "texture": "#0"},
				"up": {"uv": [2.8125, 3.875, 0, 0], "texture": "#0"},
				"down": {"uv": [5.6875, 0, 2.875, 3.875], "texture": "#0"}
			}
		},
		{
			"name": "bone",
			"from": [-2.47168, 3.92688, -0.80397],
			"to": [20.56602, 6.02122, 9.66771],
			"rotation": {"angle": 0, "axis": "y", "origin": [5.90566, 6.5448, 4.69366]},
			"faces": {
				"north": {"uv": [8.125, 4.25, 10.5, 4.4375], "texture": "#0"},
				"east": {"uv": [9.25, 1.375, 10.3125, 1.5625], "texture": "#0"},
				"south": {"uv": [8.125, 4.5, 10.5, 4.6875], "texture": "#0"},
				"west": {"uv": [9.875, 9, 10.9375, 9.1875], "texture": "#0"},
				"up": {"uv": [2.375, 4.9375, 0, 3.875], "texture": "#0"},
				"down": {"uv": [4.75, 3.875, 2.375, 4.9375], "texture": "#0"}
			}
		},
		{
			"name": "hexadecagon",
			"from": [21.61318, 4.77145, -14.15536],
			"to": [25.80186, 7.27097, -1.58934],
			"rotation": {"angle": -45, "axis": "x", "origin": [22.66035, 6.02122, -7.87235]},
			"faces": {
				"north": {"uv": [10.25, 3.625, 10.6875, 3.875], "texture": "#0"},
				"east": {"uv": [8.5, 3.375, 9.8125, 3.625], "texture": "#0"},
				"south": {"uv": [10.25, 3.875, 10.6875, 4.125], "texture": "#0"},
				"west": {"uv": [7, 8.5, 8.3125, 8.75], "texture": "#0"},
				"up": {"uv": [2.8125, 7.0625, 2.375, 5.75], "texture": "#0"},
				"down": {"uv": [6.1875, 2.5, 5.75, 3.8125], "texture": "#0"}
			}
		},
		{
			"name": "hexadecagon",
			"from": [21.61318, 4.77145, -14.15536],
			"to": [25.80186, 7.27097, -1.58934],
			"rotation": {"angle": -22.5, "axis": "x", "origin": [22.66035, 6.02122, -7.87235]},
			"faces": {
				"north": {"uv": [10.25, 6.25, 10.6875, 6.5], "texture": "#0"},
				"east": {"uv": [8.375, 8.5, 9.6875, 8.75], "texture": "#0"},
				"south": {"uv": [10.25, 6.5, 10.6875, 6.75], "texture": "#0"},
				"west": {"uv": [8.625, 1.75, 9.9375, 2], "texture": "#0"},
				"up": {"uv": [3.3125, 7.0625, 2.875, 5.75], "texture": "#0"},
				"down": {"uv": [3.8125, 5.75, 3.375, 7.0625], "texture": "#0"}
			}
		},
		{
			"name": "hexadecagon",
			"from": [21.61318, 4.77145, -14.15536],
			"to": [25.80186, 7.27097, -1.58934],
			"rotation": {"angle": 0, "axis": "y", "origin": [8, -17.01648, 6.788]},
			"faces": {
				"north": {"uv": [10.25, 6.75, 10.6875, 7], "texture": "#0"},
				"east": {"uv": [8.625, 2, 9.9375, 2.25], "texture": "#0"},
				"south": {"uv": [10.25, 7, 10.6875, 7.25], "texture": "#0"},
				"west": {"uv": [8.625, 2.25, 9.9375, 2.5], "texture": "#0"},
				"up": {"uv": [4.3125, 7.0625, 3.875, 5.75], "texture": "#0"},
				"down": {"uv": [6.6875, 2.5, 6.25, 3.8125], "texture": "#0"}
			}
		},
		{
			"name": "hexadecagon",
			"from": [21.61318, 4.77145, -14.15536],
			"to": [25.80186, 7.27097, -1.58934],
			"rotation": {"angle": 22.5, "axis": "x", "origin": [22.66035, 6.02122, -7.87235]},
			"faces": {
				"north": {"uv": [10.25, 7.25, 10.6875, 7.5], "texture": "#0"},
				"east": {"uv": [8.625, 5.25, 9.9375, 5.5], "texture": "#0"},
				"south": {"uv": [7.375, 10.25, 7.8125, 10.5], "texture": "#0"},
				"west": {"uv": [8.625, 5.5, 9.9375, 5.75], "texture": "#0"},
				"up": {"uv": [4.8125, 7.5625, 4.375, 6.25], "texture": "#0"},
				"down": {"uv": [5.3125, 6.25, 4.875, 7.5625], "texture": "#0"}
			}
		},
		{
			"name": "hexadecagon",
			"from": [21.61318, 4.77145, -14.15536],
			"to": [25.80186, 7.27097, -1.58934],
			"rotation": {"angle": 45, "axis": "x", "origin": [22.66035, 6.02122, -7.87235]},
			"faces": {
				"north": {"uv": [10.25, 7.5, 10.6875, 7.75], "texture": "#0"},
				"east": {"uv": [8.625, 5.75, 9.9375, 6], "texture": "#0"},
				"south": {"uv": [7.875, 10.25, 8.3125, 10.5], "texture": "#0"},
				"west": {"uv": [8.625, 6, 9.9375, 6.25], "texture": "#0"},
				"up": {"uv": [5.8125, 7.5625, 5.375, 6.25], "texture": "#0"},
				"down": {"uv": [6.3125, 6.25, 5.875, 7.5625], "texture": "#0"}
			}
		},
		{
			"name": "hexadecagon",
			"from": [21.61318, -0.26179, -9.12212],
			"to": [25.80186, 12.30422, -6.6226],
			"rotation": {"angle": -22.5, "axis": "x", "origin": [22.66035, 6.02122, -7.87235]},
			"faces": {
				"north": {"uv": [0, 6.375, 0.4375, 7.6875], "texture": "#0"},
				"east": {"uv": [8.625, 6.25, 8.875, 7.5625], "texture": "#0"},
				"south": {"uv": [0.5, 6.375, 0.9375, 7.6875], "texture": "#0"},
				"west": {"uv": [0, 8.75, 0.25, 10.0625], "texture": "#0"},
				"up": {"uv": [8.8125, 10.5, 8.375, 10.25], "texture": "#0"},
				"down": {"uv": [10.6875, 8.375, 10.25, 8.625], "texture": "#0"}
			}
		},
		{
			"name": "hexadecagon",
			"from": [21.61318, -0.26179, -9.12212],
			"to": [25.80186, 12.30422, -6.6226],
			"rotation": {"angle": 0, "axis": "y", "origin": [8, -17.01648, 6.788]},
			"faces": {
				"north": {"uv": [1, 6.375, 1.4375, 7.6875], "texture": "#0"},
				"east": {"uv": [0.25, 8.75, 0.5, 10.0625], "texture": "#0"},
				"south": {"uv": [1.5, 6.375, 1.9375, 7.6875], "texture": "#0"},
				"west": {"uv": [0.5, 8.75, 0.75, 10.0625], "texture": "#0"},
				"up": {"uv": [10.6875, 8.875, 10.25, 8.625], "texture": "#0"},
				"down": {"uv": [9.3125, 10.25, 8.875, 10.5], "texture": "#0"}
			}
		},
		{
			"name": "hexadecagon",
			"from": [21.61318, -0.26179, -9.12212],
			"to": [25.80186, 12.30422, -6.6226],
			"rotation": {"angle": 22.5, "axis": "x", "origin": [22.66035, 6.02122, -7.87235]},
			"faces": {
				"north": {"uv": [6.375, 6.25, 6.8125, 7.5625], "texture": "#0"},
				"east": {"uv": [0.75, 8.75, 1, 10.0625], "texture": "#0"},
				"south": {"uv": [6.75, 2.5, 7.1875, 3.8125], "texture": "#0"},
				"west": {"uv": [1, 8.75, 1.25, 10.0625], "texture": "#0"},
				"up": {"uv": [9.8125, 10.5, 9.375, 10.25], "texture": "#0"},
				"down": {"uv": [10.3125, 10.25, 9.875, 10.5], "texture": "#0"}
			}
		},
		{
			"name": "hexadecagon2",
			"from": [-8.91952, 4.77145, -12.06102],
			"to": [-4.73085, 7.27097, 0.50499],
			"rotation": {"angle": -45, "axis": "x", "origin": [-7.87235, 6.02122, -5.77802]},
			"faces": {
				"north": {"uv": [0, 10.375, 0.4375, 10.625], "texture": "#0"},
				"east": {"uv": [7, 8.75, 8.3125, 9], "texture": "#0"},
				"south": {"uv": [10.375, 1.375, 10.8125, 1.625], "texture": "#0"},
				"west": {"uv": [8.375, 8.75, 9.6875, 9], "texture": "#0"},
				"up": {"uv": [7.3125, 7.5625, 6.875, 6.25], "texture": "#0"},
				"down": {"uv": [2.4375, 7.125, 2, 8.4375], "texture": "#0"}
			}
		},
		{
			"name": "hexadecagon2",
			"from": [-8.91952, 4.77145, -12.06102],
			"to": [-4.73085, 7.27097, 0.50499],
			"rotation": {"angle": -22.5, "axis": "x", "origin": [-7.87235, 6.02122, -5.77802]},
			"faces": {
				"north": {"uv": [2.125, 10.375, 2.5625, 10.625], "texture": "#0"},
				"east": {"uv": [8.875, 6.25, 10.1875, 6.5], "texture": "#0"},
				"south": {"uv": [10.375, 2.375, 10.8125, 2.625], "texture": "#0"},
				"west": {"uv": [8.875, 6.5, 10.1875, 6.75], "texture": "#0"},
				"up": {"uv": [2.9375, 8.4375, 2.5, 7.125], "texture": "#0"},
				"down": {"uv": [3.4375, 7.125, 3, 8.4375], "texture": "#0"}
			}
		},
		{
			"name": "hexadecagon2",
			"from": [-8.91952, 4.77145, -12.06102],
			"to": [-4.73085, 7.27097, 0.50499],
			"rotation": {"angle": 0, "axis": "y", "origin": [6.788, -17.01648, 6.788]},
			"faces": {
				"north": {"uv": [10.375, 2.625, 10.8125, 2.875], "texture": "#0"},
				"east": {"uv": [8.875, 6.75, 10.1875, 7], "texture": "#0"},
				"south": {"uv": [10.375, 2.875, 10.8125, 3.125], "texture": "#0"},
				"west": {"uv": [8.875, 7, 10.1875, 7.25], "texture": "#0"},
				"up": {"uv": [3.9375, 8.4375, 3.5, 7.125], "texture": "#0"},
				"down": {"uv": [7.5625, 3.875, 7.125, 5.1875], "texture": "#0"}
			}
		},
		{
			"name": "hexadecagon2",
			"from": [-8.91952, 4.77145, -12.06102],
			"to": [-4.73085, 7.27097, 0.50499],
			"rotation": {"angle": 22.5, "axis": "x", "origin": [-7.87235, 6.02122, -5.77802]},
			"faces": {
				"north": {"uv": [10.375, 3.125, 10.8125, 3.375], "texture": "#0"},
				"east": {"uv": [8.875, 7.25, 10.1875, 7.5], "texture": "#0"},
				"south": {"uv": [10.375, 3.375, 10.8125, 3.625], "texture": "#0"},
				"west": {"uv": [8.875, 7.5, 10.1875, 7.75], "texture": "#0"},
				"up": {"uv": [7.6875, 3.8125, 7.25, 2.5], "texture": "#0"},
				"down": {"uv": [7.8125, 5.25, 7.375, 6.5625], "texture": "#0"}
			}
		},
		{
			"name": "hexadecagon2",
			"from": [-8.91952, 4.77145, -12.06102],
			"to": [-4.73085, 7.27097, 0.50499],
			"rotation": {"angle": 45, "axis": "x", "origin": [-7.87235, 6.02122, -5.77802]},
			"faces": {
				"north": {"uv": [3.875, 10.375, 4.3125, 10.625], "texture": "#0"},
				"east": {"uv": [9, 2.5, 10.3125, 2.75], "texture": "#0"},
				"south": {"uv": [4.375, 10.375, 4.8125, 10.625], "texture": "#0"},
				"west": {"uv": [9, 2.75, 10.3125, 3], "texture": "#0"},
				"up": {"uv": [7.8125, 7.9375, 7.375, 6.625], "texture": "#0"},
				"down": {"uv": [8.0625, 3.875, 7.625, 5.1875], "texture": "#0"}
			}
		},
		{
			"name": "hexadecagon2",
			"from": [-8.91952, -0.26179, -7.02778],
			"to": [-4.73085, 12.30422, -4.52826],
			"rotation": {"angle": -22.5, "axis": "x", "origin": [-7.87235, 6.02122, -5.77802]},
			"faces": {
				"north": {"uv": [4, 7.625, 4.4375, 8.9375], "texture": "#0"},
				"east": {"uv": [1.25, 8.75, 1.5, 10.0625], "texture": "#0"},
				"south": {"uv": [4.5, 7.625, 4.9375, 8.9375], "texture": "#0"},
				"west": {"uv": [1.5, 8.75, 1.75, 10.0625], "texture": "#0"},
				"up": {"uv": [5.3125, 10.625, 4.875, 10.375], "texture": "#0"},
				"down": {"uv": [5.8125, 10.375, 5.375, 10.625], "texture": "#0"}
			}
		},
		{
			"name": "hexadecagon2",
			"from": [-8.91952, -0.26179, -7.02778],
			"to": [-4.73085, 12.30422, -4.52826],
			"rotation": {"angle": 0, "axis": "y", "origin": [6.788, -17.01648, 6.788]},
			"faces": {
				"north": {"uv": [5, 7.625, 5.4375, 8.9375], "texture": "#0"},
				"east": {"uv": [1.75, 8.75, 2, 10.0625], "texture": "#0"},
				"south": {"uv": [5.5, 7.625, 5.9375, 8.9375], "texture": "#0"},
				"west": {"uv": [2, 8.75, 2.25, 10.0625], "texture": "#0"},
				"up": {"uv": [6.3125, 10.625, 5.875, 10.375], "texture": "#0"},
				"down": {"uv": [6.8125, 10.375, 6.375, 10.625], "texture": "#0"}
			}
		},
		{
			"name": "hexadecagon2",
			"from": [-8.91952, -0.26179, -7.02778],
			"to": [-4.73085, 12.30422, -4.52826],
			"rotation": {"angle": 22.5, "axis": "x", "origin": [-7.87235, 6.02122, -5.77802]},
			"faces": {
				"north": {"uv": [6, 7.625, 6.4375, 8.9375], "texture": "#0"},
				"east": {"uv": [3.875, 9, 4.125, 10.3125], "texture": "#0"},
				"south": {"uv": [6.5, 7.625, 6.9375, 8.9375], "texture": "#0"},
				"west": {"uv": [4.125, 9, 4.375, 10.3125], "texture": "#0"},
				"up": {"uv": [7.3125, 10.625, 6.875, 10.375], "texture": "#0"},
				"down": {"uv": [10.8125, 7.75, 10.375, 8], "texture": "#0"}
			}
		},
		{
			"name": "octagon",
			"from": [-7.70752, 3.14921, 22.49552],
			"to": [-3.51885, 5.75172, 28.77853],
			"rotation": {"angle": 45, "axis": "x", "origin": [-6.66035, 4.45046, 25.63702]},
			"faces": {
				"north": {"uv": [10.375, 8, 10.8125, 8.25], "texture": "#0"},
				"east": {"uv": [7, 8, 7.625, 8.25], "texture": "#0"},
				"south": {"uv": [10.375, 9.25, 10.8125, 9.5], "texture": "#0"},
				"west": {"uv": [2.75, 10, 3.375, 10.25], "texture": "#0"},
				"up": {"uv": [7.8125, 9.625, 7.375, 9], "texture": "#0"},
				"down": {"uv": [8.3125, 9, 7.875, 9.625], "texture": "#0"}
			}
		},
		{
			"name": "octagon",
			"from": [-7.70752, 3.14921, 22.49552],
			"to": [-3.51885, 5.75172, 28.77853],
			"rotation": {"angle": 0, "axis": "y", "origin": [8, -14.39856, 6.788]},
			"faces": {
				"north": {"uv": [10.375, 9.5, 10.8125, 9.75], "texture": "#0"},
				"east": {"uv": [10, 5.25, 10.625, 5.5], "texture": "#0"},
				"south": {"uv": [10.375, 9.75, 10.8125, 10], "texture": "#0"},
				"west": {"uv": [10, 5.5, 10.625, 5.75], "texture": "#0"},
				"up": {"uv": [8.8125, 9.625, 8.375, 9], "texture": "#0"},
				"down": {"uv": [9.3125, 9, 8.875, 9.625], "texture": "#0"}
			}
		},
		{
			"name": "octagon",
			"from": [-7.70752, 1.30896, 24.33577],
			"to": [-3.51885, 7.59197, 26.93828],
			"rotation": {"angle": 45, "axis": "x", "origin": [-6.66035, 4.45046, 25.63702]},
			"faces": {
				"north": {"uv": [9.25, 0.75, 9.6875, 1.375], "texture": "#0"},
				"east": {"uv": [2, 6.375, 2.25, 7], "texture": "#0"},
				"south": {"uv": [9.25, 3.625, 9.6875, 4.25], "texture": "#0"},
				"west": {"uv": [7.125, 5.25, 7.375, 5.875], "texture": "#0"},
				"up": {"uv": [10.8125, 10.25, 10.375, 10], "texture": "#0"},
				"down": {"uv": [10.8125, 10.25, 10.375, 10.5], "texture": "#0"}
			}
		},
		{
			"name": "octagon",
			"from": [-7.70752, 1.30896, 24.33577],
			"to": [-3.51885, 7.59197, 26.93828],
			"rotation": {"angle": 0, "axis": "y", "origin": [8, -14.39856, 6.788]},
			"faces": {
				"north": {"uv": [2.25, 9.375, 2.6875, 10], "texture": "#0"},
				"east": {"uv": [1.75, 7.75, 2, 8.375], "texture": "#0"},
				"south": {"uv": [2.75, 9.375, 3.1875, 10], "texture": "#0"},
				"west": {"uv": [3.375, 10, 3.625, 10.625], "texture": "#0"},
				"up": {"uv": [10.9375, 0.5, 10.5, 0.25], "texture": "#0"},
				"down": {"uv": [10.9375, 0.5, 10.5, 0.75], "texture": "#0"}
			}
		},
		{
			"name": "octagon2",
			"from": [21.61318, 3.14921, 22.49552],
			"to": [25.80186, 5.75172, 28.77853],
			"rotation": {"angle": 45, "axis": "x", "origin": [22.66035, 4.45046, 25.63702]},
			"faces": {
				"north": {"uv": [10.5, 1.625, 10.9375, 1.875], "texture": "#0"},
				"east": {"uv": [10, 5.75, 10.625, 6], "texture": "#0"},
				"south": {"uv": [10.5, 1.875, 10.9375, 2.125], "texture": "#0"},
				"west": {"uv": [10, 6, 10.625, 6.25], "texture": "#0"},
				"up": {"uv": [3.6875, 10, 3.25, 9.375], "texture": "#0"},
				"down": {"uv": [9.8125, 7.75, 9.375, 8.375], "texture": "#0"}
			}
		},
		{
			"name": "octagon2",
			"from": [21.61318, 3.14921, 22.49552],
			"to": [25.80186, 5.75172, 28.77853],
			"rotation": {"angle": 0, "axis": "y", "origin": [8, -14.39856, 6.788]},
			"faces": {
				"north": {"uv": [10.5, 2.125, 10.9375, 2.375], "texture": "#0"},
				"east": {"uv": [0, 10.125, 0.625, 10.375], "texture": "#0"},
				"south": {"uv": [10.5, 4.125, 10.9375, 4.375], "texture": "#0"},
				"west": {"uv": [10.125, 0, 10.75, 0.25], "texture": "#0"},
				"up": {"uv": [9.8125, 9.625, 9.375, 9], "texture": "#0"},
				"down": {"uv": [10.0625, 0, 9.625, 0.625], "texture": "#0"}
			}
		},
		{
			"name": "octagon2",
			"from": [21.61318, 1.30896, 24.33577],
			"to": [25.80186, 7.59197, 26.93828],
			"rotation": {"angle": 45, "axis": "x", "origin": [22.66035, 4.45046, 25.63702]},
			"faces": {
				"north": {"uv": [7.375, 9.625, 7.8125, 10.25], "texture": "#0"},
				"east": {"uv": [3.625, 10, 3.875, 10.625], "texture": "#0"},
				"south": {"uv": [7.875, 9.625, 8.3125, 10.25], "texture": "#0"},
				"west": {"uv": [0.625, 10.125, 0.875, 10.75], "texture": "#0"},
				"up": {"uv": [10.9375, 4.625, 10.5, 4.375], "texture": "#0"},
				"down": {"uv": [10.9375, 4.625, 10.5, 4.875], "texture": "#0"}
			}
		},
		{
			"name": "octagon2",
			"from": [21.61318, 1.30896, 24.33577],
			"to": [25.80186, 7.59197, 26.93828],
			"rotation": {"angle": 0, "axis": "y", "origin": [8, -14.39856, 6.788]},
			"faces": {
				"north": {"uv": [8.375, 9.625, 8.8125, 10.25], "texture": "#0"},
				"east": {"uv": [0.875, 10.125, 1.125, 10.75], "texture": "#0"},
				"south": {"uv": [8.875, 9.625, 9.3125, 10.25], "texture": "#0"},
				"west": {"uv": [1.125, 10.125, 1.375, 10.75], "texture": "#0"},
				"up": {"uv": [10.9375, 5.125, 10.5, 4.875], "texture": "#0"},
				"down": {"uv": [7.8125, 10.5, 7.375, 10.75], "texture": "#0"}
			}
		},
		{
			"name": "bone3",
			"from": [-2.47168, 5.3328, -3.68368],
			"to": [20.56602, 13.71014, 0.50499],
			"rotation": {"angle": -22.5, "axis": "x", "origin": [5.90566, 5.3328, -1.58934]},
			"faces": {
				"north": {"uv": [4.75, 3.875, 7.125, 4.75], "texture": "#0"},
				"east": {"uv": [2.375, 8.5, 2.8125, 9.375], "texture": "#0"},
				"south": {"uv": [4.75, 4.75, 7.125, 5.625], "texture": "#0"},
				"west": {"uv": [8.5, 2.5, 8.9375, 3.375], "texture": "#0"},
				"up": {"uv": [8.125, 1.1875, 5.75, 0.75], "texture": "#0"},
				"down": {"uv": [8.125, 1.25, 5.75, 1.6875], "texture": "#0"}
			}
		},
		{
			"name": "bone5",
			"from": [18.80134, 18.6648, -10.18],
			"to": [22.99002, 20.75914, -6.66035],
			"rotation": {"angle": 22.5, "axis": "x", "origin": [20.89568, 18.6648, -8.75469]},
			"faces": {
				"north": {"uv": [7.875, 10.5, 8.3125, 10.6875], "texture": "#0"},
				"east": {"uv": [9.5, 3, 9.875, 3.1875], "texture": "#0"},
				"south": {"uv": [8.375, 10.5, 8.8125, 10.6875], "texture": "#0"},
				"west": {"uv": [3.25, 10.625, 3.625, 10.8125], "texture": "#0"},
				"up": {"uv": [9.4375, 3.375, 9, 3], "texture": "#0"},
				"down": {"uv": [10.4375, 1.625, 10, 2], "texture": "#0"}
			}
		},
		{
			"name": "bone5",
			"from": [-4.56602, 18.6648, -10.18],
			"to": [-0.37734, 20.75914, -6.66035],
			"rotation": {"angle": 22.5, "axis": "x", "origin": [-2.47168, 18.6648, -8.75469]},
			"faces": {
				"north": {"uv": [8.875, 10.5, 9.3125, 10.6875], "texture": "#0"},
				"east": {"uv": [3.625, 10.625, 4, 10.8125], "texture": "#0"},
				"south": {"uv": [9.375, 10.5, 9.8125, 10.6875], "texture": "#0"},
				"west": {"uv": [4, 10.625, 4.375, 10.8125], "texture": "#0"},
				"up": {"uv": [10.4375, 2.375, 10, 2], "texture": "#0"},
				"down": {"uv": [2.6875, 10, 2.25, 10.375], "texture": "#0"}
			}
		},
		{
			"name": "bone6",
			"from": [-4.56602, 4.45046, -5.77802],
			"to": [-0.37734, 10.73347, 1.61034],
			"rotation": {"angle": 0, "axis": "y", "origin": [-4.56602, 4.45046, 8.88234]},
			"faces": {
				"north": {"uv": [9.375, 9.625, 9.8125, 10.25], "texture": "#0"},
				"east": {"uv": [7.75, 2.5, 8.5, 3.125], "texture": "#0"},
				"south": {"uv": [9.75, 0.625, 10.1875, 1.25], "texture": "#0"},
				"west": {"uv": [7.75, 3.125, 8.5, 3.75], "texture": "#0"},
				"up": {"uv": [4.8125, 9.75, 4.375, 9], "texture": "#0"},
				"down": {"uv": [5.3125, 9, 4.875, 9.75], "texture": "#0"}
			}
		},
		{
			"name": "bone6",
			"from": [-4.56602, 2.35613, 17.25968],
			"to": [-0.37734, 8.63914, 25.63702],
			"rotation": {"angle": 0, "axis": "y", "origin": [-4.56602, 2.35613, 25.63702]},
			"faces": {
				"north": {"uv": [9.75, 3.625, 10.1875, 4.25], "texture": "#0"},
				"east": {"uv": [0, 7.75, 0.875, 8.375], "texture": "#0"},
				"south": {"uv": [4.375, 9.75, 4.8125, 10.375], "texture": "#0"},
				"west": {"uv": [0.875, 7.75, 1.75, 8.375], "texture": "#0"},
				"up": {"uv": [3.3125, 9.375, 2.875, 8.5], "texture": "#0"},
				"down": {"uv": [3.8125, 8.5, 3.375, 9.375], "texture": "#0"}
			}
		},
		{
			"name": "bone6",
			"from": [18.47168, 4.45046, -5.77802],
			"to": [22.66035, 10.73347, 1.61034],
			"rotation": {"angle": 0, "axis": "y", "origin": [18.47168, 4.45046, 8.88234]},
			"faces": {
				"north": {"uv": [4.875, 9.75, 5.3125, 10.375], "texture": "#0"},
				"east": {"uv": [7.875, 5.25, 8.625, 5.875], "texture": "#0"},
				"south": {"uv": [5.375, 9.75, 5.8125, 10.375], "texture": "#0"},
				"west": {"uv": [7.875, 5.875, 8.625, 6.5], "texture": "#0"},
				"up": {"uv": [5.8125, 9.75, 5.375, 9], "texture": "#0"},
				"down": {"uv": [6.3125, 9, 5.875, 9.75], "texture": "#0"}
			}
		},
		{
			"name": "bone6",
			"from": [18.47168, 2.35613, 17.25968],
			"to": [22.66035, 8.63914, 24.42502],
			"rotation": {"angle": 0, "axis": "y", "origin": [18.47168, 2.35613, 25.63702]},
			"faces": {
				"north": {"uv": [5.875, 9.75, 6.3125, 10.375], "texture": "#0"},
				"east": {"uv": [7.875, 6.5, 8.625, 7.125], "texture": "#0"},
				"south": {"uv": [6.375, 9.75, 6.8125, 10.375], "texture": "#0"},
				"west": {"uv": [7.875, 7.125, 8.625, 7.75], "texture": "#0"},
				"up": {"uv": [6.8125, 9.75, 6.375, 9], "texture": "#0"},
				"down": {"uv": [7.3125, 9, 6.875, 9.75], "texture": "#0"}
			}
		},
		{
			"name": "bone7",
			"from": [-2.14202, 3.56813, 25.63702],
			"to": [20.23635, 10.40381, 27.73136],
			"rotation": {"angle": -45, "axis": "x", "origin": [8, 5.66246, 25.63702]},
			"faces": {
				"north": {"uv": [0, 5, 2.3125, 5.6875], "texture": "#0"},
				"east": {"uv": [1.375, 10.125, 1.5625, 10.8125], "texture": "#0"},
				"south": {"uv": [2.375, 5, 4.6875, 5.6875], "texture": "#0"},
				"west": {"uv": [1.625, 10.125, 1.8125, 10.8125], "texture": "#0"},
				"up": {"uv": [10.4375, 4.9375, 8.125, 4.75], "texture": "#0"},
				"down": {"uv": [10.4375, 5, 8.125, 5.1875], "texture": "#0"}
			}
		},
		{
			"name": "bone8",
			"from": [18.47168, 12.82781, -6.33069],
			"to": [22.66035, 19.11082, -4.23635],
			"rotation": {"angle": -22.5, "axis": "x", "origin": [20.56602, 14.92214, -6.33069]},
			"faces": {
				"north": {"uv": [6.875, 9.75, 7.3125, 10.375], "texture": "#0"},
				"east": {"uv": [1.875, 10.125, 2.0625, 10.75], "texture": "#0"},
				"south": {"uv": [9.75, 8.375, 10.1875, 9], "texture": "#0"},
				"west": {"uv": [10.25, 0.25, 10.4375, 0.875], "texture": "#0"},
				"up": {"uv": [10.3125, 10.6875, 9.875, 10.5], "texture": "#0"},
				"down": {"uv": [10.8125, 10.5, 10.375, 10.6875], "texture": "#0"}
			}
		},
		{
			"name": "bone8",
			"from": [-4.56602, 12.82781, -6.33069],
			"to": [-0.37734, 19.11082, -4.23635],
			"rotation": {"angle": -22.5, "axis": "x", "origin": [-2.47168, 14.92214, -6.33069]},
			"faces": {
				"north": {"uv": [9.875, 3, 10.3125, 3.625], "texture": "#0"},
				"east": {"uv": [2.75, 10.25, 2.9375, 10.875], "texture": "#0"},
				"south": {"uv": [9.875, 7.75, 10.3125, 8.375], "texture": "#0"},
				"west": {"uv": [3, 10.25, 3.1875, 10.875], "texture": "#0"},
				"up": {"uv": [0.4375, 10.8125, 0, 10.625], "texture": "#0"},
				"down": {"uv": [2.5625, 10.625, 2.125, 10.8125], "texture": "#0"}
			}
		},
		{
			"name": "bone8",
			"from": [-3.35402, 0.04848, -16],
			"to": [19.02435, 2.14282, -9.96669],
			"rotation": {"angle": 22.5, "axis": "x", "origin": [12.74134, 2.14282, -9.96669]},
			"faces": {
				"north": {"uv": [7, 8.25, 9.3125, 8.4375], "texture": "#0"},
				"east": {"uv": [10.25, 0.875, 10.875, 1.0625], "texture": "#0"},
				"south": {"uv": [0, 8.5, 2.3125, 8.6875], "texture": "#0"},
				"west": {"uv": [10.25, 1.125, 10.875, 1.3125], "texture": "#0"},
				"up": {"uv": [7.0625, 6.25, 4.75, 5.625], "texture": "#0"},
				"down": {"uv": [2.3125, 5.75, 0, 6.375], "texture": "#0"}
			}
		},
		{
			"name": "bone9",
			"from": [0.4856, 6.5448, 19.35402],
			"to": [3.46227, 9.52147, 19.35402],
			"rotation": {"angle": 45, "axis": "x", "origin": [12.51834, 6.5448, 19.35402]},
			"faces": {
				"north": {"uv": [4.375, 5.75, 4.6875, 6.0625], "texture": "#0"},
				"east": {"uv": [0, 0, 0, 0.3125], "texture": "#0"},
				"south": {"uv": [4, 7.125, 4.3125, 7.4375], "texture": "#0"},
				"west": {"uv": [0, 0, 0, 0.3125], "texture": "#0"},
				"up": {"uv": [0.3125, 0, 0, 0], "texture": "#0"},
				"down": {"uv": [0.3125, 0, 0, 0], "texture": "#0"}
			}
		},
		{
			"name": "bone9",
			"from": [14.666, 6.5448, 19.35402],
			"to": [17.64267, 9.52147, 19.35402],
			"rotation": {"angle": 45, "axis": "x", "origin": [14.28301, 6.5448, 19.35402]},
			"faces": {
				"north": {"uv": [7, 7.625, 7.3125, 7.9375], "texture": "#0"},
				"east": {"uv": [0, 0, 0, 0.3125], "texture": "#0"},
				"south": {"uv": [9, 7.75, 9.3125, 8.0625], "texture": "#0"},
				"west": {"uv": [0, 0, 0, 0.3125], "texture": "#0"},
				"up": {"uv": [0.3125, 0, 0, 0], "texture": "#0"},
				"down": {"uv": [0.3125, 0, 0, 0], "texture": "#0"}
			}
		},
		{
			"name": "hexadecagon",
			"from": [9.14478, -4.3632, 13.13823],
			"to": [9.38587, -4.3632, 14.35023],
			"rotation": {"angle": -22.5, "axis": "x", "origin": [9.26533, 5.3328, 13.74423]},
			"faces": {
				"north": {"uv": [0, 0, 0.0625, 0], "texture": "#0"},
				"east": {"uv": [0, 0, 0.125, 0], "texture": "#0"},
				"south": {"uv": [0, 0, 0.0625, 0], "texture": "#0"},
				"west": {"uv": [0, 0, 0.125, 0], "texture": "#0"},
				"up": {"uv": [4.4375, 6.25, 4.375, 6.125], "texture": "#0"},
				"down": {"uv": [4.5625, 6.125, 4.5, 6.25], "texture": "#0"}
			}
		},
		{
			"name": "hexadecagon",
			"from": [9.14478, 8.9688, 13.13823],
			"to": [9.38587, 13.8168, 14.35023],
			"rotation": {"angle": -22.5, "axis": "x", "origin": [9.26533, 18.6648, 13.74423]},
			"faces": {
				"north": {"uv": [5.25, 10.625, 5.3125, 11.125], "texture": "#0"},
				"east": {"uv": [2.25, 6.375, 2.375, 6.875], "texture": "#0"},
				"south": {"uv": [5.375, 10.625, 5.4375, 11.125], "texture": "#0"},
				"west": {"uv": [3.875, 8.5, 4, 9], "texture": "#0"},
				"up": {"uv": [4.6875, 6.25, 4.625, 6.125], "texture": "#0"},
				"down": {"uv": [2.3125, 6.875, 2.25, 7], "texture": "#0"}
			}
		},
		{
			"name": "hexadecagon",
			"from": [8.65933, 8.9688, 13.62368],
			"to": [9.87133, 13.8168, 13.86476],
			"rotation": {"angle": -22.5, "axis": "x", "origin": [9.26533, 18.6648, 13.74423]},
			"faces": {
				"north": {"uv": [2.25, 8.75, 2.375, 9.25], "texture": "#0"},
				"east": {"uv": [5.5, 10.625, 5.5625, 11.125], "texture": "#0"},
				"south": {"uv": [3.75, 9.375, 3.875, 9.875], "texture": "#0"},
				"west": {"uv": [5.625, 10.625, 5.6875, 11.125], "texture": "#0"},
				"up": {"uv": [2.125, 7.0625, 2, 7], "texture": "#0"},
				"down": {"uv": [2.25, 7, 2.125, 7.0625], "texture": "#0"}
			}
		},
		{
			"name": "hexadecagon",
			"from": [8.65933, 8.9688, 13.62368],
			"to": [9.87133, 13.8168, 13.86476],
			"rotation": {"angle": -22.5, "axis": "x", "origin": [9.26533, 18.6648, 13.74423]},
			"faces": {
				"north": {"uv": [0.5, 10.375, 0.625, 10.875], "texture": "#0"},
				"east": {"uv": [10.625, 5.625, 10.6875, 6.125], "texture": "#0"},
				"south": {"uv": [2.625, 10.375, 2.75, 10.875], "texture": "#0"},
				"west": {"uv": [5.75, 10.625, 5.8125, 11.125], "texture": "#0"},
				"up": {"uv": [2.375, 7.0625, 2.25, 7], "texture": "#0"},
				"down": {"uv": [7.25, 5.875, 7.125, 5.9375], "texture": "#0"}
			}
		},
		{
			"name": "hexadecagon",
			"from": [8.65933, 8.9688, 13.62368],
			"to": [9.87133, 13.8168, 13.86476],
			"rotation": {"angle": -22.5, "axis": "x", "origin": [9.26533, 18.6648, 13.74423]},
			"faces": {
				"north": {"uv": [4.375, 10.625, 4.5, 11.125], "texture": "#0"},
				"east": {"uv": [5.875, 10.625, 5.9375, 11.125], "texture": "#0"},
				"south": {"uv": [4.5, 10.625, 4.625, 11.125], "texture": "#0"},
				"west": {"uv": [6, 10.625, 6.0625, 11.125], "texture": "#0"},
				"up": {"uv": [7.25, 6.0625, 7.125, 6], "texture": "#0"},
				"down": {"uv": [7.25, 6.125, 7.125, 6.1875], "texture": "#0"}
			}
		},
		{
			"name": "hexadecagon",
			"from": [8.65933, 8.9688, 13.62368],
			"to": [9.87133, 13.8168, 13.86476],
			"rotation": {"angle": -22.5, "axis": "x", "origin": [9.26533, 18.6648, 13.74423]},
			"faces": {
				"north": {"uv": [4.625, 10.625, 4.75, 11.125], "texture": "#0"},
				"east": {"uv": [6.125, 10.625, 6.1875, 11.125], "texture": "#0"},
				"south": {"uv": [4.75, 10.625, 4.875, 11.125], "texture": "#0"},
				"west": {"uv": [6.25, 10.625, 6.3125, 11.125], "texture": "#0"},
				"up": {"uv": [7.375, 5.9375, 7.25, 5.875], "texture": "#0"},
				"down": {"uv": [7.375, 6, 7.25, 6.0625], "texture": "#0"}
			}
		},
		{
			"name": "hexadecagon",
			"from": [9.14478, 8.9688, 13.13823],
			"to": [9.38587, 13.8168, 14.35023],
			"rotation": {"angle": -22.5, "axis": "x", "origin": [9.26533, 18.6648, 13.74423]},
			"faces": {
				"north": {"uv": [6.375, 10.625, 6.4375, 11.125], "texture": "#0"},
				"east": {"uv": [4.875, 10.625, 5, 11.125], "texture": "#0"},
				"south": {"uv": [6.5, 10.625, 6.5625, 11.125], "texture": "#0"},
				"west": {"uv": [5, 10.625, 5.125, 11.125], "texture": "#0"},
				"up": {"uv": [7.3125, 6.25, 7.25, 6.125], "texture": "#0"},
				"down": {"uv": [4.0625, 7.5, 4, 7.625], "texture": "#0"}
			}
		},
		{
			"name": "hexadecagon",
			"from": [9.14478, 8.9688, 13.13823],
			"to": [9.38587, 13.8168, 14.35023],
			"rotation": {"angle": -22.5, "axis": "x", "origin": [9.26533, 18.6648, 13.74423]},
			"faces": {
				"north": {"uv": [6.625, 10.625, 6.6875, 11.125], "texture": "#0"},
				"east": {"uv": [5.125, 10.625, 5.25, 11.125], "texture": "#0"},
				"south": {"uv": [6.75, 10.625, 6.8125, 11.125], "texture": "#0"},
				"west": {"uv": [10.625, 5.125, 10.75, 5.625], "texture": "#0"},
				"up": {"uv": [4.1875, 7.625, 4.125, 7.5], "texture": "#0"},
				"down": {"uv": [4.3125, 7.5, 4.25, 7.625], "texture": "#0"}
			}
		}
	],
	"display": {
		"thirdperson_lefthand": {
			"rotation": [73, -180, 1],
			"translation": [-0.25, -7.5, 2.5],
			"scale": [1.01, 1, 1]
		},
		"gui": {
			"rotation": [0, -87, 0],
			"scale": [0.94, 1, 0.41]
		},
		"head": {
			"rotation": [0, -180, 0],
			"translation": [0, -34.5, 50.25]
		},
		"fixed": {
			"rotation": [0, -90, 0]
		}
	},
	"groups": [
		{
			"name": "Full Kart",
			"origin": [8, 0, 8],
			"color": 0,
			"children": [
				0,
				{
					"name": "Bottom of Kart",
					"origin": [8, 0, 8],
					"color": 1,
					"children": [1, 2]
				},
				{
					"name": "Back left wheel",
					"origin": [7, 3, -7],
					"color": 3,
					"children": [3, 4, 5, 6, 7, 8, 9, 10]
				},
				{
					"name": "Back right Wheel",
					"origin": [-7, 3, -6],
					"color": 4,
					"children": [11, 12, 13, 14, 15, 16, 17, 18]
				},
				{
					"name": "Front right Wheel",
					"origin": [-7, 1, 9],
					"color": 5,
					"children": [19, 20, 21, 22]
				},
				{
					"name": "Front left Wheel",
					"origin": [7, 1, 9],
					"color": 9,
					"children": [23, 24, 25, 26]
				},
				{
					"name": "Kart Seat",
					"origin": [8, 0, 8],
					"color": 7,
					"children": [27]
				},
				{
					"name": "Wings",
					"origin": [8, -2, 11],
					"color": 9,
					"children": [28, 29]
				},
				{
					"name": "Sides of the Kart",
					"origin": [8, 0, 8],
					"color": 0,
					"children": [30, 31, 32, 33]
				},
				{
					"name": "bone7",
					"origin": [8, 0, 8],
					"color": 1,
					"children": [34]
				},
				{
					"name": "bone8",
					"origin": [8, 0, 8],
					"color": 2,
					"children": [35, 36, 37]
				},
				{
					"name": "bone9",
					"origin": [8, 0, 8],
					"color": 3,
					"children": [38, 39]
				},
				{
					"name": "hexadecagon",
					"origin": [8, 8, 8],
					"color": 0,
					"children": [40, 41, 42, 43, 44, 45, 46, 47]
				}
			]
		}
	]
}