{
	"credit": "Made with Blockbench",
	"texture_size": [256, 256],
	"textures": {
		"0": "item/purp",
		"particle": "item/purp"
	},
	"elements": [
		{
			"name": "bone3",
			"from": [-4.52, 10.1, -8.52],
			"to": [27.22, 32, -5.76],
			"rotation": {"angle": -22.5, "axis": "x", "origin": [3.76, 13.1, -7.14]},
			"faces": {
				"north": {"uv": [0, 2.0625, 2, 3.4375], "texture": "#0"},
				"east": {"uv": [0.25, 6.75, 0.4375, 8.125], "texture": "#0"},
				"south": {"uv": [2, 2.0625, 4, 3.4375], "texture": "#0"},
				"west": {"uv": [0.4375, 6.75, 0.625, 8.125], "texture": "#0"},
				"up": {"uv": [8.5, 2.1875, 6.5, 2], "texture": "#0"},
				"down": {"uv": [8.5, 2.1875, 6.5, 2.375], "texture": "#0"}
			}
		},
		{
			"name": "bone4",
			"from": [-4.52, 9.2, -13.52],
			"to": [27.22, 31.1, -10.76],
			"rotation": {"angle": -22.5, "axis": "x", "origin": [3.76, 28.1, -12.14]},
			"faces": {
				"north": {"uv": [0, 3.4375, 2, 4.8125], "texture": "#0"},
				"east": {"uv": [0.625, 6.75, 0.8125, 8.125], "texture": "#0"},
				"south": {"uv": [2, 3.4375, 4, 4.8125], "texture": "#0"},
				"west": {"uv": [0.8125, 6.75, 1, 8.125], "texture": "#0"},
				"up": {"uv": [8.6875, 5.25, 6.6875, 5.0625], "texture": "#0"},
				"down": {"uv": [8.6875, 5.25, 6.6875, 5.4375], "texture": "#0"}
			}
		},
		{
			"from": [-3, -6, -16],
			"to": [-1, 32, -9],
			"rotation": {"angle": -45, "axis": "x", "origin": [-3, 24, -16]},
			"faces": {
				"north": {"uv": [3.625, 6.375, 3.75, 8.75], "texture": "#0"},
				"east": {"uv": [3.75, 5.8125, 4.1875, 8.1875], "texture": "#0"},
				"south": {"uv": [6.6875, 5.8125, 6.8125, 8.1875], "texture": "#0"},
				"west": {"uv": [5.9375, 2.5, 6.375, 4.875], "texture": "#0"},
				"up": {"uv": [7.4375, 8, 7.3125, 7.5625], "texture": "#0"},
				"down": {"uv": [7.5625, 7.5625, 7.4375, 8], "texture": "#0"}
			}
		},
		{
			"from": [25, -6, -16],
			"to": [27, 32, -9],
			"rotation": {"angle": -45, "axis": "x", "origin": [25, 24, -16]},
			"faces": {
				"north": {"uv": [0, 6.75, 0.125, 9.125], "texture": "#0"},
				"east": {"uv": [6.0625, 0, 6.5, 2.375], "texture": "#0"},
				"south": {"uv": [0.125, 6.75, 0.25, 9.125], "texture": "#0"},
				"west": {"uv": [6.25, 4.875, 6.6875, 7.25], "texture": "#0"},
				"up": {"uv": [7.6875, 8, 7.5625, 7.5625], "texture": "#0"},
				"down": {"uv": [1.125, 7.625, 1, 8.0625], "texture": "#0"}
			}
		},
		{
			"name": "bone",
			"from": [-4.52, 5.2, -5.9],
			"to": [27.22, 6.58, 27.22],
			"rotation": {"angle": 0, "axis": "y", "origin": [7.9, 3.58, 21.7]},
			"faces": {
				"north": {"uv": [7.125, 0.875, 9.125, 0.9375], "texture": "#0"},
				"east": {"uv": [7.125, 0.75, 9.1875, 0.8125], "texture": "#0"},
				"south": {"uv": [7.125, 0.9375, 9.125, 1], "texture": "#0"},
				"west": {"uv": [7.125, 0.8125, 9.1875, 0.875], "texture": "#0"},
				"up": {"uv": [2, 2.0625, 0, 0], "texture": "#0"},
				"down": {"uv": [4, 0, 2, 2.0625], "texture": "#0"}
			}
		},
		{
			"name": "bone4",
			"from": [-5.14, 6.1, -12.28],
			"to": [26.22, 26.52, -6.52],
			"rotation": {"angle": 0, "axis": "y", "origin": [9.04, -5.08, -1.24]},
			"faces": {
				"north": {"uv": [4, 2.5, 5.9375, 3.75], "texture": "#0"},
				"east": {"uv": [6.5, 0.75, 6.875, 2], "texture": "#0"},
				"south": {"uv": [4, 3.75, 5.9375, 5], "texture": "#0"},
				"west": {"uv": [4.1875, 6.6875, 4.5625, 7.9375], "texture": "#0"},
				"up": {"uv": [6.125, 6.6875, 4.1875, 6.3125], "texture": "#0"},
				"down": {"uv": [8.3125, 2.75, 6.375, 3.125], "texture": "#0"}
			}
		},
		{
			"from": [15, 10, 22],
			"to": [17, 12, 24],
			"rotation": {"angle": 0, "axis": "y", "origin": [15, 10, 22]},
			"faces": {
				"north": {"uv": [6, 5.625, 6.125, 5.75], "texture": "#0"},
				"east": {"uv": [6.0625, 2.375, 6.1875, 2.5], "texture": "#0"},
				"south": {"uv": [6.125, 5.625, 6.25, 5.75], "texture": "#0"},
				"west": {"uv": [6.1875, 2.375, 6.3125, 2.5], "texture": "#0"},
				"up": {"uv": [7.9375, 6.6875, 7.8125, 6.5625], "texture": "#0"},
				"down": {"uv": [7.9375, 6.6875, 7.8125, 6.8125], "texture": "#0"}
			}
		},
		{
			"from": [-2, 10, 22],
			"to": [0, 12, 24],
			"rotation": {"angle": 0, "axis": "y", "origin": [-2, 10, 22]},
			"faces": {
				"north": {"uv": [7.875, 0.5, 8, 0.625], "texture": "#0"},
				"east": {"uv": [7.875, 0.625, 8, 0.75], "texture": "#0"},
				"south": {"uv": [7.875, 4.5625, 8, 4.6875], "texture": "#0"},
				"west": {"uv": [7.875, 4.6875, 8, 4.8125], "texture": "#0"},
				"up": {"uv": [8, 4.9375, 7.875, 4.8125], "texture": "#0"},
				"down": {"uv": [8, 4.9375, 7.875, 5.0625], "texture": "#0"}
			}
		},
		{
			"from": [4, 9, 22],
			"to": [6, 12, 24],
			"rotation": {"angle": 0, "axis": "y", "origin": [4, 9, 22]},
			"faces": {
				"north": {"uv": [3.875, 4.8125, 4, 5], "texture": "#0"},
				"east": {"uv": [1.75, 5.625, 1.875, 5.8125], "texture": "#0"},
				"south": {"uv": [1.875, 5.625, 2, 5.8125], "texture": "#0"},
				"west": {"uv": [2, 5.625, 2.125, 5.8125], "texture": "#0"},
				"up": {"uv": [8, 6.1875, 7.875, 6.0625], "texture": "#0"},
				"down": {"uv": [8, 6.1875, 7.875, 6.3125], "texture": "#0"}
			}
		},
		{
			"from": [21, 9, 22],
			"to": [23, 12, 24],
			"rotation": {"angle": 0, "axis": "y", "origin": [21, 9, 22]},
			"faces": {
				"north": {"uv": [6.125, 6.3125, 6.25, 6.5], "texture": "#0"},
				"east": {"uv": [6.375, 4.625, 6.5, 4.8125], "texture": "#0"},
				"south": {"uv": [6.5, 4.625, 6.625, 4.8125], "texture": "#0"},
				"west": {"uv": [6.125, 6.5, 6.25, 6.6875], "texture": "#0"},
				"up": {"uv": [8, 6.4375, 7.875, 6.3125], "texture": "#0"},
				"down": {"uv": [6.5, 7.875, 6.375, 8], "texture": "#0"}
			}
		},
		{
			"from": [1, 8, 25],
			"to": [3, 10, 27],
			"rotation": {"angle": 0, "axis": "y", "origin": [1, 8, 25]},
			"faces": {
				"north": {"uv": [7.875, 6.4375, 8, 6.5625], "texture": "#0"},
				"east": {"uv": [6.5, 7.875, 6.625, 8], "texture": "#0"},
				"south": {"uv": [7.875, 6.8125, 8, 6.9375], "texture": "#0"},
				"west": {"uv": [7.875, 6.9375, 8, 7.0625], "texture": "#0"},
				"up": {"uv": [8, 7.1875, 7.875, 7.0625], "texture": "#0"},
				"down": {"uv": [8, 7.1875, 7.875, 7.3125], "texture": "#0"}
			}
		},
		{
			"from": [18, 8, 25],
			"to": [20, 10, 27],
			"light_emission": 5,
			"rotation": {"angle": 0, "axis": "y", "origin": [18, 8, 25]},
			"faces": {
				"north": {"uv": [7.875, 7.3125, 8, 7.4375], "texture": "#0"},
				"east": {"uv": [7.875, 7.4375, 8, 7.5625], "texture": "#0"},
				"south": {"uv": [7.875, 7.5625, 8, 7.6875], "texture": "#0"},
				"west": {"uv": [7.875, 7.6875, 8, 7.8125], "texture": "#0"},
				"up": {"uv": [8, 7.9375, 7.875, 7.8125], "texture": "#0"},
				"down": {"uv": [8.0625, 0, 7.9375, 0.125], "texture": "#0"}
			}
		},
		{
			"name": "bone6",
			"from": [-4.52, 5.96, -3.14],
			"to": [-3.14, 12.86, 10.66],
			"rotation": {"angle": 0, "axis": "y", "origin": [-4.52, 5.96, 6.52]},
			"faces": {
				"north": {"uv": [3.4375, 7.875, 3.5, 8.3125], "texture": "#0"},
				"east": {"uv": [4.5625, 6.6875, 5.4375, 7.125], "texture": "#0"},
				"south": {"uv": [7.875, 3.75, 7.9375, 4.1875], "texture": "#0"},
				"west": {"uv": [6.6875, 4.625, 7.5625, 5.0625], "texture": "#0"},
				"up": {"uv": [6.6875, 8.125, 6.625, 7.25], "texture": "#0"},
				"down": {"uv": [1.6875, 7.375, 1.625, 8.25], "texture": "#0"}
			}
		},
		{
			"name": "bone6",
			"from": [-4.52, 5.96, 17.56],
			"to": [-3.14, 10.1, 27.22],
			"rotation": {"angle": 0, "axis": "y", "origin": [-4.52, 5.96, 23.08]},
			"faces": {
				"north": {"uv": [6.625, 4.625, 6.6875, 4.875], "texture": "#0"},
				"east": {"uv": [6.875, 1.5, 7.5, 1.75], "texture": "#0"},
				"south": {"uv": [7.75, 4, 7.8125, 4.25], "texture": "#0"},
				"west": {"uv": [6.875, 1.75, 7.5, 2], "texture": "#0"},
				"up": {"uv": [5.5, 8.4375, 5.4375, 7.8125], "texture": "#0"},
				"down": {"uv": [5.5625, 7.8125, 5.5, 8.4375], "texture": "#0"}
			}
		},
		{
			"name": "bone6",
			"from": [25.84, 4.58, 17.56],
			"to": [27.22, 10.1, 25.84],
			"rotation": {"angle": 0, "axis": "y", "origin": [25.84, 4.58, 23.08]},
			"faces": {
				"north": {"uv": [7.8125, 1.125, 7.875, 1.5], "texture": "#0"},
				"east": {"uv": [1, 6.75, 1.5, 7.125], "texture": "#0"},
				"south": {"uv": [7.8125, 4.6875, 7.875, 5.0625], "texture": "#0"},
				"west": {"uv": [1.5, 6.75, 2, 7.125], "texture": "#0"},
				"up": {"uv": [4.25, 6.3125, 4.1875, 5.8125], "texture": "#0"},
				"down": {"uv": [7.75, 4.5625, 7.6875, 5.0625], "texture": "#0"}
			}
		},
		{
			"name": "bone6",
			"from": [25.84, 5.96, -8.66],
			"to": [27.22, 11.48, 12.04],
			"rotation": {"angle": 0, "axis": "y", "origin": [24.46, 5.96, 12.04]},
			"faces": {
				"north": {"uv": [7.875, 1.125, 7.9375, 1.5], "texture": "#0"},
				"east": {"uv": [6.5, 0, 7.8125, 0.375], "texture": "#0"},
				"south": {"uv": [7.875, 4.1875, 7.9375, 4.5625], "texture": "#0"},
				"west": {"uv": [6.5, 0.375, 7.8125, 0.75], "texture": "#0"},
				"up": {"uv": [2, 8.4375, 1.9375, 7.125], "texture": "#0"},
				"down": {"uv": [6.375, 7.25, 6.3125, 8.5625], "texture": "#0"}
			}
		},
		{
			"name": "bone7",
			"from": [-4.52, 1.82, 26.08],
			"to": [28.22, 22.24, 28.46],
			"rotation": {"angle": -45, "axis": "x", "origin": [10.66, 8.72, 26.08]},
			"faces": {
				"north": {"uv": [4, 0, 6.0625, 1.25], "texture": "#0"},
				"east": {"uv": [2, 6.75, 2.125, 8], "texture": "#0"},
				"south": {"uv": [4, 1.25, 6.0625, 2.5], "texture": "#0"},
				"west": {"uv": [7.0625, 6.8125, 7.1875, 8.0625], "texture": "#0"},
				"up": {"uv": [8.875, 5.9375, 6.8125, 5.8125], "texture": "#0"},
				"down": {"uv": [8.875, 5.9375, 6.8125, 6.0625], "texture": "#0"}
			}
		},
		{
			"from": [-4, 21, 10],
			"to": [28, 22, 19],
			"rotation": {"angle": -22.5, "axis": "x", "origin": [-5, 21, 21]},
			"faces": {
				"north": {"uv": [7.125, 1, 9.125, 1.0625], "texture": "#0"},
				"east": {"uv": [2.125, 4.9375, 2.6875, 5], "texture": "#0"},
				"south": {"uv": [7.125, 1.0625, 9.125, 1.125], "texture": "#0"},
				"west": {"uv": [2.6875, 4.9375, 3.25, 5], "texture": "#0"},
				"up": {"uv": [6.25, 6.3125, 4.25, 5.75], "texture": "#0"},
				"down": {"uv": [3.75, 5.8125, 1.75, 6.375], "texture": "#0"}
			}
		},
		{
			"name": "bone8",
			"from": [26, 7, 8.53],
			"to": [30, 19, 20.53],
			"rotation": {"angle": 0, "axis": "x", "origin": [25.84, 26.38, -6.66]},
			"faces": {
				"north": {"uv": [6, 4.875, 6.25, 5.625], "texture": "#0"},
				"east": {"uv": [2.125, 6.375, 2.875, 7.125], "texture": "#0"},
				"south": {"uv": [6.8125, 6.0625, 7.0625, 6.8125], "texture": "#0"},
				"west": {"uv": [2.875, 6.375, 3.625, 7.125], "texture": "#0"},
				"up": {"uv": [7.0625, 7.5625, 6.8125, 6.8125], "texture": "#0"},
				"down": {"uv": [7.125, 0.75, 6.875, 1.5], "texture": "#0"}
			}
		},
		{
			"name": "bone9",
			"from": [-5, 6, 11.53],
			"to": [-1, 18, 23.53],
			"rotation": {"angle": 0, "axis": "x", "origin": [-5.16, 25.38, -3.66]},
			"faces": {
				"north": {"uv": [5.4375, 7.0625, 5.6875, 7.8125], "texture": "#0"},
				"east": {"uv": [6.375, 3.125, 7.125, 3.875], "texture": "#0"},
				"south": {"uv": [5.6875, 7.0625, 5.9375, 7.8125], "texture": "#0"},
				"west": {"uv": [6.375, 3.875, 7.125, 4.625], "texture": "#0"},
				"up": {"uv": [6.1875, 7.8125, 5.9375, 7.0625], "texture": "#0"},
				"down": {"uv": [7.3125, 6.0625, 7.0625, 6.8125], "texture": "#0"}
			}
		},
		{
			"name": "bone8",
			"from": [-3.76, 15.46, -12.42],
			"to": [23.84, 27.46, -11.04],
			"rotation": {"angle": -22.5, "axis": "x", "origin": [14.18, 25.28, -11.42]},
			"faces": {
				"north": {"uv": [4.25, 5, 6, 5.75], "texture": "#0"},
				"east": {"uv": [1.375, 7.625, 1.4375, 8.375], "texture": "#0"},
				"south": {"uv": [0, 5.625, 1.75, 6.375], "texture": "#0"},
				"west": {"uv": [1.4375, 7.625, 1.5, 8.375], "texture": "#0"},
				"up": {"uv": [3.875, 4.875, 2.125, 4.8125], "texture": "#0"},
				"down": {"uv": [3.875, 4.875, 2.125, 4.9375], "texture": "#0"}
			}
		},
		{
			"from": [-5, 3, -6],
			"to": [29, 9, 7],
			"rotation": {"angle": 0, "axis": "y", "origin": [-10, 11, 0]},
			"faces": {
				"north": {"uv": [0, 6.375, 2.125, 6.75], "texture": "#0"},
				"east": {"uv": [5.4375, 6.6875, 6.25, 7.0625], "texture": "#0"},
				"south": {"uv": [6.375, 2.375, 8.5, 2.75], "texture": "#0"},
				"west": {"uv": [6.6875, 5.4375, 7.5, 5.8125], "texture": "#0"},
				"up": {"uv": [2.125, 5.625, 0, 4.8125], "texture": "#0"},
				"down": {"uv": [4.25, 5, 2.125, 5.8125], "texture": "#0"}
			}
		},
		{
			"name": "bone2",
			"from": [24.46, 10.1, -4.52],
			"to": [25.84, 12.86, -3.14],
			"rotation": {"angle": -45, "axis": "z", "origin": [25.84, 10.1, -3.14]},
			"faces": {
				"north": {"uv": [6.1875, 7.0625, 6.25, 7.25], "texture": "#0"},
				"east": {"uv": [7.9375, 1.25, 8, 1.4375], "texture": "#0"},
				"south": {"uv": [7.9375, 3.125, 8, 3.3125], "texture": "#0"},
				"west": {"uv": [7.9375, 3.3125, 8, 3.5], "texture": "#0"},
				"up": {"uv": [3.875, 5, 3.8125, 4.9375], "texture": "#0"},
				"down": {"uv": [6.625, 4.8125, 6.5625, 4.875], "texture": "#0"}
			}
		},
		{
			"name": "bone2",
			"from": [-5.9, 4.58, 23.08],
			"to": [-3.14, 5.96, 24.46],
			"rotation": {"angle": 0, "axis": "y", "origin": [3.76, -9.22, 32.74]},
			"faces": {
				"north": {"uv": [3.25, 4.9375, 3.4375, 5], "texture": "#0"},
				"east": {"uv": [7.125, 4.5625, 7.1875, 4.625], "texture": "#0"},
				"south": {"uv": [3.4375, 4.9375, 3.625, 5], "texture": "#0"},
				"west": {"uv": [7.1875, 4.5625, 7.25, 4.625], "texture": "#0"},
				"up": {"uv": [3.8125, 5, 3.625, 4.9375], "texture": "#0"},
				"down": {"uv": [6.5625, 4.8125, 6.375, 4.875], "texture": "#0"}
			}
		},
		{
			"name": "bone2",
			"from": [24.46, 4.58, 23.08],
			"to": [25.84, 7.34, 24.46],
			"rotation": {"angle": -45, "axis": "z", "origin": [25.84, 4.58, 24.46]},
			"faces": {
				"north": {"uv": [7.9375, 3.5, 8, 3.6875], "texture": "#0"},
				"east": {"uv": [7.9375, 3.6875, 8, 3.875], "texture": "#0"},
				"south": {"uv": [7.9375, 3.875, 8, 4.0625], "texture": "#0"},
				"west": {"uv": [7.9375, 4.0625, 8, 4.25], "texture": "#0"},
				"up": {"uv": [7.3125, 4.3125, 7.25, 4.25], "texture": "#0"},
				"down": {"uv": [7.3125, 4.5625, 7.25, 4.625], "texture": "#0"}
			}
		},
		{
			"name": "bone2",
			"from": [-7.28, 10.1, -3.14],
			"to": [-5.9, 12.86, -1.76],
			"rotation": {"angle": -45, "axis": "z", "origin": [-5.9, 10.1, -1.76]},
			"faces": {
				"north": {"uv": [4.1875, 7.9375, 4.25, 8.125], "texture": "#0"},
				"east": {"uv": [4.25, 7.9375, 4.3125, 8.125], "texture": "#0"},
				"south": {"uv": [7.9375, 4.25, 8, 4.4375], "texture": "#0"},
				"west": {"uv": [4.3125, 7.9375, 4.375, 8.125], "texture": "#0"},
				"up": {"uv": [7.375, 4.3125, 7.3125, 4.25], "texture": "#0"},
				"down": {"uv": [7.375, 4.5625, 7.3125, 4.625], "texture": "#0"}
			}
		},
		{
			"name": "bone9",
			"from": [16.18, 7.34, 18.94],
			"to": [17.56, 10.1, 18.94],
			"rotation": {"angle": 45, "axis": "x", "origin": [24.46, 7.34, 18.94]},
			"faces": {
				"north": {"uv": [4.375, 7.9375, 4.4375, 8.125], "texture": "#0"},
				"east": {"uv": [0, 0, 0, 0.1875], "texture": "#0"},
				"south": {"uv": [4.4375, 7.9375, 4.5, 8.125], "texture": "#0"},
				"west": {"uv": [0, 0, 0, 0.1875], "texture": "#0"},
				"up": {"uv": [0.0625, 0, 0, 0], "texture": "#0"},
				"down": {"uv": [0.0625, 0, 0, 0], "texture": "#0"}
			}
		},
		{
			"name": "bone9",
			"from": [-1.76, 8.72, 20.32],
			"to": [-0.38, 11.48, 20.32],
			"rotation": {"angle": 45, "axis": "x", "origin": [-1.76, 8.72, 20.32]},
			"faces": {
				"north": {"uv": [4.5, 7.9375, 4.5625, 8.125], "texture": "#0"},
				"east": {"uv": [0, 0, 0, 0.1875], "texture": "#0"},
				"south": {"uv": [6.1875, 7.9375, 6.25, 8.125], "texture": "#0"},
				"west": {"uv": [0, 0, 0, 0.1875], "texture": "#0"},
				"up": {"uv": [0.0625, 0, 0, 0], "texture": "#0"},
				"down": {"uv": [0.0625, 0, 0, 0], "texture": "#0"}
			}
		},
		{
			"name": "hexadecagon",
			"from": [27.91, 6.242, -8.66],
			"to": [29.29, 8.438, 2.38],
			"rotation": {"angle": -45, "axis": "x", "origin": [28.6, 7.34, -3.14]},
			"faces": {
				"north": {"uv": [5.9375, 4.875, 6, 5], "texture": "#0"},
				"east": {"uv": [1, 7.125, 1.6875, 7.25], "texture": "#0"},
				"south": {"uv": [6.3125, 2.375, 6.375, 2.5], "texture": "#0"},
				"west": {"uv": [7.125, 1.125, 7.8125, 1.25], "texture": "#0"},
				"up": {"uv": [3.25, 8.3125, 3.1875, 7.625], "texture": "#0"},
				"down": {"uv": [7.75, 7.3125, 7.6875, 8], "texture": "#0"}
			}
		},
		{
			"name": "hexadecagon",
			"from": [27.91, 6.242, -8.66],
			"to": [29.29, 8.438, 2.38],
			"rotation": {"angle": -22.5, "axis": "x", "origin": [28.6, 7.34, -3.14]},
			"faces": {
				"north": {"uv": [7.9375, 4.4375, 8, 4.5625], "texture": "#0"},
				"east": {"uv": [7.125, 1.25, 7.8125, 1.375], "texture": "#0"},
				"south": {"uv": [7.9375, 5.6875, 8, 5.8125], "texture": "#0"},
				"west": {"uv": [7.125, 1.375, 7.8125, 1.5], "texture": "#0"},
				"up": {"uv": [2.8125, 8.4375, 2.75, 7.75], "texture": "#0"},
				"down": {"uv": [2.875, 7.75, 2.8125, 8.4375], "texture": "#0"}
			}
		},
		{
			"name": "hexadecagon",
			"from": [27.91, 6.242, -8.66],
			"to": [29.29, 8.438, 2.38],
			"rotation": {"angle": 0, "axis": "y", "origin": [28.6, 7.34, -3.14]},
			"faces": {
				"north": {"uv": [6.25, 7.9375, 6.3125, 8.0625], "texture": "#0"},
				"east": {"uv": [2.125, 7.125, 2.8125, 7.25], "texture": "#0"},
				"south": {"uv": [7.9375, 6.5625, 8, 6.6875], "texture": "#0"},
				"west": {"uv": [2.8125, 7.125, 3.5, 7.25], "texture": "#0"},
				"up": {"uv": [2.9375, 8.4375, 2.875, 7.75], "texture": "#0"},
				"down": {"uv": [3, 7.75, 2.9375, 8.4375], "texture": "#0"}
			}
		},
		{
			"name": "hexadecagon",
			"from": [27.91, 6.242, -8.66],
			"to": [29.29, 8.438, 2.38],
			"rotation": {"angle": 22.5, "axis": "x", "origin": [28.6, 7.34, -3.14]},
			"faces": {
				"north": {"uv": [7.9375, 6.6875, 8, 6.8125], "texture": "#0"},
				"east": {"uv": [7.125, 3.125, 7.8125, 3.25], "texture": "#0"},
				"south": {"uv": [7.875, 7.9375, 7.9375, 8.0625], "texture": "#0"},
				"west": {"uv": [7.125, 3.25, 7.8125, 3.375], "texture": "#0"},
				"up": {"uv": [3.0625, 8.4375, 3, 7.75], "texture": "#0"},
				"down": {"uv": [3.125, 7.75, 3.0625, 8.4375], "texture": "#0"}
			}
		},
		{
			"name": "hexadecagon",
			"from": [27.91, 6.242, -8.66],
			"to": [29.29, 8.438, 2.38],
			"rotation": {"angle": 45, "axis": "x", "origin": [28.6, 7.34, -3.14]},
			"faces": {
				"north": {"uv": [7.9375, 7.9375, 8, 8.0625], "texture": "#0"},
				"east": {"uv": [7.125, 3.375, 7.8125, 3.5], "texture": "#0"},
				"south": {"uv": [8, 0.5, 8.0625, 0.625], "texture": "#0"},
				"west": {"uv": [7.125, 3.5, 7.8125, 3.625], "texture": "#0"},
				"up": {"uv": [3.1875, 8.4375, 3.125, 7.75], "texture": "#0"},
				"down": {"uv": [7.8125, 7.3125, 7.75, 8], "texture": "#0"}
			}
		},
		{
			"name": "hexadecagon",
			"from": [27.91, 1.82, -4.238],
			"to": [29.29, 12.86, -2.042],
			"rotation": {"angle": -22.5, "axis": "x", "origin": [28.6, 7.34, -3.14]},
			"faces": {
				"north": {"uv": [7.8125, 0, 7.875, 0.6875], "texture": "#0"},
				"east": {"uv": [1.6875, 7.125, 1.8125, 7.8125], "texture": "#0"},
				"south": {"uv": [1.6875, 7.8125, 1.75, 8.5], "texture": "#0"},
				"west": {"uv": [1.8125, 7.125, 1.9375, 7.8125], "texture": "#0"},
				"up": {"uv": [8.0625, 0.75, 8, 0.625], "texture": "#0"},
				"down": {"uv": [8.0625, 1.25, 8, 1.375], "texture": "#0"}
			}
		},
		{
			"name": "hexadecagon",
			"from": [27.91, 1.82, -4.238],
			"to": [29.29, 12.86, -2.042],
			"rotation": {"angle": 0, "axis": "y", "origin": [28.6, 7.34, -3.14]},
			"faces": {
				"north": {"uv": [1.75, 7.8125, 1.8125, 8.5], "texture": "#0"},
				"east": {"uv": [3.5, 7.125, 3.625, 7.8125], "texture": "#0"},
				"south": {"uv": [1.8125, 7.8125, 1.875, 8.5], "texture": "#0"},
				"west": {"uv": [7.125, 3.625, 7.25, 4.3125], "texture": "#0"},
				"up": {"uv": [8.0625, 1.5, 8, 1.375], "texture": "#0"},
				"down": {"uv": [8.0625, 1.5, 8, 1.625], "texture": "#0"}
			}
		},
		{
			"name": "hexadecagon",
			"from": [27.91, 1.82, -4.238],
			"to": [29.29, 12.86, -2.042],
			"rotation": {"angle": 22.5, "axis": "x", "origin": [28.6, 7.34, -3.14]},
			"faces": {
				"north": {"uv": [1.875, 7.8125, 1.9375, 8.5], "texture": "#0"},
				"east": {"uv": [4.5625, 7.125, 4.6875, 7.8125], "texture": "#0"},
				"south": {"uv": [3.5, 7.8125, 3.5625, 8.5], "texture": "#0"},
				"west": {"uv": [4.6875, 7.125, 4.8125, 7.8125], "texture": "#0"},
				"up": {"uv": [8.0625, 1.75, 8, 1.625], "texture": "#0"},
				"down": {"uv": [8.0625, 1.75, 8, 1.875], "texture": "#0"}
			}
		},
		{
			"name": "hexadecagon",
			"from": [-6.59, 6.242, -8.66],
			"to": [-5.21, 8.438, 2.38],
			"rotation": {"angle": -45, "axis": "x", "origin": [-5.9, 7.34, -3.14]},
			"faces": {
				"north": {"uv": [8, 1.875, 8.0625, 2], "texture": "#0"},
				"east": {"uv": [7.125, 4.3125, 7.8125, 4.4375], "texture": "#0"},
				"south": {"uv": [2, 8, 2.0625, 8.125], "texture": "#0"},
				"west": {"uv": [7.125, 4.4375, 7.8125, 4.5625], "texture": "#0"},
				"up": {"uv": [3.625, 8.5, 3.5625, 7.8125], "texture": "#0"},
				"down": {"uv": [7.875, 4, 7.8125, 4.6875], "texture": "#0"}
			}
		},
		{
			"name": "hexadecagon",
			"from": [-6.59, 6.242, -8.66],
			"to": [-5.21, 8.438, 2.38],
			"rotation": {"angle": -22.5, "axis": "x", "origin": [-5.9, 7.34, -3.14]},
			"faces": {
				"north": {"uv": [2.0625, 8, 2.125, 8.125], "texture": "#0"},
				"east": {"uv": [7.1875, 6.8125, 7.875, 6.9375], "texture": "#0"},
				"south": {"uv": [8, 3.125, 8.0625, 3.25], "texture": "#0"},
				"west": {"uv": [7.1875, 6.9375, 7.875, 7.0625], "texture": "#0"},
				"up": {"uv": [4.625, 8.5, 4.5625, 7.8125], "texture": "#0"},
				"down": {"uv": [4.6875, 7.8125, 4.625, 8.5], "texture": "#0"}
			}
		},
		{
			"name": "hexadecagon",
			"from": [-6.59, 6.242, -8.66],
			"to": [-5.21, 8.438, 2.38],
			"rotation": {"angle": 0, "axis": "y", "origin": [-5.9, 7.34, -3.14]},
			"faces": {
				"north": {"uv": [8, 3.25, 8.0625, 3.375], "texture": "#0"},
				"east": {"uv": [7.1875, 7.0625, 7.875, 7.1875], "texture": "#0"},
				"south": {"uv": [8, 3.375, 8.0625, 3.5], "texture": "#0"},
				"west": {"uv": [7.1875, 7.1875, 7.875, 7.3125], "texture": "#0"},
				"up": {"uv": [4.75, 8.5, 4.6875, 7.8125], "texture": "#0"},
				"down": {"uv": [4.8125, 7.8125, 4.75, 8.5], "texture": "#0"}
			}
		},
		{
			"name": "hexadecagon",
			"from": [-6.59, 6.242, -8.66],
			"to": [-5.21, 8.438, 2.38],
			"rotation": {"angle": 22.5, "axis": "x", "origin": [-5.9, 7.34, -3.14]},
			"faces": {
				"north": {"uv": [8, 3.5, 8.0625, 3.625], "texture": "#0"},
				"east": {"uv": [1, 7.25, 1.6875, 7.375], "texture": "#0"},
				"south": {"uv": [8, 3.625, 8.0625, 3.75], "texture": "#0"},
				"west": {"uv": [2.125, 7.25, 2.8125, 7.375], "texture": "#0"},
				"up": {"uv": [4.875, 8.5, 4.8125, 7.8125], "texture": "#0"},
				"down": {"uv": [4.9375, 7.8125, 4.875, 8.5], "texture": "#0"}
			}
		},
		{
			"name": "hexadecagon",
			"from": [-6.59, 6.242, -8.66],
			"to": [-5.21, 8.438, 2.38],
			"rotation": {"angle": 45, "axis": "x", "origin": [-5.9, 7.34, -3.14]},
			"faces": {
				"north": {"uv": [8, 3.75, 8.0625, 3.875], "texture": "#0"},
				"east": {"uv": [2.8125, 7.25, 3.5, 7.375], "texture": "#0"},
				"south": {"uv": [8, 3.875, 8.0625, 4], "texture": "#0"},
				"west": {"uv": [7.25, 3.625, 7.9375, 3.75], "texture": "#0"},
				"up": {"uv": [5, 8.5, 4.9375, 7.8125], "texture": "#0"},
				"down": {"uv": [5.0625, 7.8125, 5, 8.5], "texture": "#0"}
			}
		},
		{
			"name": "hexadecagon",
			"from": [-6.59, 1.82, -4.238],
			"to": [-5.21, 12.86, -2.042],
			"rotation": {"angle": -22.5, "axis": "x", "origin": [-5.9, 7.34, -3.14]},
			"faces": {
				"north": {"uv": [5.0625, 7.8125, 5.125, 8.5], "texture": "#0"},
				"east": {"uv": [4.8125, 7.125, 4.9375, 7.8125], "texture": "#0"},
				"south": {"uv": [5.125, 7.8125, 5.1875, 8.5], "texture": "#0"},
				"west": {"uv": [4.9375, 7.125, 5.0625, 7.8125], "texture": "#0"},
				"up": {"uv": [8.0625, 4.125, 8, 4], "texture": "#0"},
				"down": {"uv": [8.0625, 4.125, 8, 4.25], "texture": "#0"}
			}
		},
		{
			"name": "hexadecagon",
			"from": [-6.59, 1.82, -4.238],
			"to": [-5.21, 12.86, -2.042],
			"rotation": {"angle": 0, "axis": "y", "origin": [-5.9, 7.34, -3.14]},
			"faces": {
				"north": {"uv": [5.1875, 7.8125, 5.25, 8.5], "texture": "#0"},
				"east": {"uv": [5.0625, 7.125, 5.1875, 7.8125], "texture": "#0"},
				"south": {"uv": [5.25, 7.8125, 5.3125, 8.5], "texture": "#0"},
				"west": {"uv": [5.1875, 7.125, 5.3125, 7.8125], "texture": "#0"},
				"up": {"uv": [8.0625, 4.375, 8, 4.25], "texture": "#0"},
				"down": {"uv": [8.0625, 4.375, 8, 4.5], "texture": "#0"}
			}
		},
		{
			"name": "hexadecagon",
			"from": [-6.59, 1.82, -4.238],
			"to": [-5.21, 12.86, -2.042],
			"rotation": {"angle": 22.5, "axis": "x", "origin": [-5.9, 7.34, -3.14]},
			"faces": {
				"north": {"uv": [5.3125, 7.8125, 5.375, 8.5], "texture": "#0"},
				"east": {"uv": [5.3125, 7.125, 5.4375, 7.8125], "texture": "#0"},
				"south": {"uv": [5.375, 7.8125, 5.4375, 8.5], "texture": "#0"},
				"west": {"uv": [6.1875, 7.25, 6.3125, 7.9375], "texture": "#0"},
				"up": {"uv": [8.0625, 4.625, 8, 4.5], "texture": "#0"},
				"down": {"uv": [8.0625, 4.625, 8, 4.75], "texture": "#0"}
			}
		},
		{
			"name": "hexadecagon",
			"from": [-6.59, 5.1365, 20.32],
			"to": [-5.21, 6.7835, 28.6],
			"rotation": {"angle": -45, "axis": "x", "origin": [-5.9, 5.96, 24.46]},
			"faces": {
				"north": {"uv": [8, 4.75, 8.0625, 4.875], "texture": "#0"},
				"east": {"uv": [7.25, 4, 7.75, 4.125], "texture": "#0"},
				"south": {"uv": [8, 4.875, 8.0625, 5], "texture": "#0"},
				"west": {"uv": [7.25, 4.125, 7.75, 4.25], "texture": "#0"},
				"up": {"uv": [7.8125, 5.0625, 7.75, 4.5625], "texture": "#0"},
				"down": {"uv": [7.875, 3.125, 7.8125, 3.625], "texture": "#0"}
			}
		},
		{
			"name": "hexadecagon",
			"from": [-6.59, 5.1365, 20.32],
			"to": [-5.21, 6.7835, 28.6],
			"rotation": {"angle": -22.5, "axis": "x", "origin": [-5.9, 5.96, 24.46]},
			"faces": {
				"north": {"uv": [8, 5.4375, 8.0625, 5.5625], "texture": "#0"},
				"east": {"uv": [7.3125, 6.0625, 7.8125, 6.1875], "texture": "#0"},
				"south": {"uv": [8, 5.5625, 8.0625, 5.6875], "texture": "#0"},
				"west": {"uv": [7.3125, 6.1875, 7.8125, 6.3125], "texture": "#0"},
				"up": {"uv": [5.625, 8.3125, 5.5625, 7.8125], "texture": "#0"},
				"down": {"uv": [5.6875, 7.8125, 5.625, 8.3125], "texture": "#0"}
			}
		},
		{
			"name": "hexadecagon",
			"from": [-6.59, 5.1365, 20.32],
			"to": [-5.21, 6.7835, 28.6],
			"rotation": {"angle": 0, "axis": "y", "origin": [-5.9, 5.96, 24.46]},
			"faces": {
				"north": {"uv": [8, 5.6875, 8.0625, 5.8125], "texture": "#0"},
				"east": {"uv": [7.3125, 6.3125, 7.8125, 6.4375], "texture": "#0"},
				"south": {"uv": [8, 6.0625, 8.0625, 6.1875], "texture": "#0"},
				"west": {"uv": [7.3125, 6.4375, 7.8125, 6.5625], "texture": "#0"},
				"up": {"uv": [5.75, 8.3125, 5.6875, 7.8125], "texture": "#0"},
				"down": {"uv": [5.8125, 7.8125, 5.75, 8.3125], "texture": "#0"}
			}
		},
		{
			"name": "hexadecagon",
			"from": [-6.59, 5.1365, 20.32],
			"to": [-5.21, 6.7835, 28.6],
			"rotation": {"angle": 22.5, "axis": "x", "origin": [-5.9, 5.96, 24.46]},
			"faces": {
				"north": {"uv": [8, 6.1875, 8.0625, 6.3125], "texture": "#0"},
				"east": {"uv": [7.3125, 6.5625, 7.8125, 6.6875], "texture": "#0"},
				"south": {"uv": [8, 6.3125, 8.0625, 6.4375], "texture": "#0"},
				"west": {"uv": [7.3125, 6.6875, 7.8125, 6.8125], "texture": "#0"},
				"up": {"uv": [5.875, 8.3125, 5.8125, 7.8125], "texture": "#0"},
				"down": {"uv": [5.9375, 7.8125, 5.875, 8.3125], "texture": "#0"}
			}
		},
		{
			"name": "hexadecagon",
			"from": [-6.59, 5.1365, 20.32],
			"to": [-5.21, 6.7835, 28.6],
			"rotation": {"angle": 45, "axis": "x", "origin": [-5.9, 5.96, 24.46]},
			"faces": {
				"north": {"uv": [6.375, 8, 6.4375, 8.125], "texture": "#0"},
				"east": {"uv": [7.1875, 7.3125, 7.6875, 7.4375], "texture": "#0"},
				"south": {"uv": [6.4375, 8, 6.5, 8.125], "texture": "#0"},
				"west": {"uv": [1, 7.375, 1.5, 7.5], "texture": "#0"},
				"up": {"uv": [6, 8.3125, 5.9375, 7.8125], "texture": "#0"},
				"down": {"uv": [6.0625, 7.8125, 6, 8.3125], "texture": "#0"}
			}
		},
		{
			"name": "hexadecagon",
			"from": [-6.59, 1.82, 23.6365],
			"to": [-5.21, 10.1, 25.2835],
			"rotation": {"angle": -22.5, "axis": "x", "origin": [-5.9, 5.96, 24.46]},
			"faces": {
				"north": {"uv": [6.0625, 7.8125, 6.125, 8.3125], "texture": "#0"},
				"east": {"uv": [1.5, 7.375, 1.625, 7.875], "texture": "#0"},
				"south": {"uv": [7.8125, 6.0625, 7.875, 6.5625], "texture": "#0"},
				"west": {"uv": [2.125, 7.375, 2.25, 7.875], "texture": "#0"},
				"up": {"uv": [8.0625, 6.5625, 8, 6.4375], "texture": "#0"},
				"down": {"uv": [6.5625, 8, 6.5, 8.125], "texture": "#0"}
			}
		},
		{
			"name": "hexadecagon",
			"from": [-6.59, 1.82, 23.6365],
			"to": [-5.21, 10.1, 25.2835],
			"rotation": {"angle": 0, "axis": "y", "origin": [-5.9, 5.96, 24.46]},
			"faces": {
				"north": {"uv": [6.125, 7.8125, 6.1875, 8.3125], "texture": "#0"},
				"east": {"uv": [2.25, 7.375, 2.375, 7.875], "texture": "#0"},
				"south": {"uv": [7.8125, 7.3125, 7.875, 7.8125], "texture": "#0"},
				"west": {"uv": [2.375, 7.375, 2.5, 7.875], "texture": "#0"},
				"up": {"uv": [6.625, 8.125, 6.5625, 8], "texture": "#0"},
				"down": {"uv": [8.0625, 6.5625, 8, 6.6875], "texture": "#0"}
			}
		},
		{
			"name": "hexadecagon",
			"from": [-6.59, 1.82, 23.6365],
			"to": [-5.21, 10.1, 25.2835],
			"rotation": {"angle": 22.5, "axis": "x", "origin": [-5.9, 5.96, 24.46]},
			"faces": {
				"north": {"uv": [7.8125, 7.8125, 7.875, 8.3125], "texture": "#0"},
				"east": {"uv": [2.5, 7.375, 2.625, 7.875], "texture": "#0"},
				"south": {"uv": [7.875, 0, 7.9375, 0.5], "texture": "#0"},
				"west": {"uv": [2.625, 7.375, 2.75, 7.875], "texture": "#0"},
				"up": {"uv": [8.0625, 6.8125, 8, 6.6875], "texture": "#0"},
				"down": {"uv": [8.0625, 6.8125, 8, 6.9375], "texture": "#0"}
			}
		},
		{
			"from": [20, 5, -16],
			"to": [22, 7, -9],
			"rotation": {"angle": 0, "axis": "y", "origin": [29, 8, -16]},
			"faces": {
				"north": {"uv": [7.9375, 0.125, 8.0625, 0.25], "texture": "#0"},
				"east": {"uv": [7.5, 5.6875, 7.9375, 5.8125], "texture": "#0"},
				"south": {"uv": [7.9375, 0.25, 8.0625, 0.375], "texture": "#0"},
				"west": {"uv": [2.75, 7.625, 3.1875, 7.75], "texture": "#0"},
				"up": {"uv": [1.25, 8.0625, 1.125, 7.625], "texture": "#0"},
				"down": {"uv": [1.375, 7.625, 1.25, 8.0625], "texture": "#0"}
			}
		},
		{
			"from": [1, 5, -16],
			"to": [3, 7, -6],
			"rotation": {"angle": 0, "axis": "y", "origin": [8, 5, -16]},
			"faces": {
				"north": {"uv": [7.9375, 0.375, 8.0625, 0.5], "texture": "#0"},
				"east": {"uv": [7.25, 3.75, 7.875, 3.875], "texture": "#0"},
				"south": {"uv": [7.9375, 1.125, 8.0625, 1.25], "texture": "#0"},
				"west": {"uv": [7.25, 3.875, 7.875, 4], "texture": "#0"},
				"up": {"uv": [6.5, 7.875, 6.375, 7.25], "texture": "#0"},
				"down": {"uv": [6.625, 7.25, 6.5, 7.875], "texture": "#0"}
			}
		},
		{
			"name": "hexadecagon",
			"from": [27.91, 5.1365, 20.32],
			"to": [29.29, 6.7835, 28.6],
			"rotation": {"angle": -45, "axis": "x", "origin": [28.6, 5.96, 24.46]},
			"faces": {
				"north": {"uv": [8, 6.9375, 8.0625, 7.0625], "texture": "#0"},
				"east": {"uv": [2.75, 7.375, 3.25, 7.5], "texture": "#0"},
				"south": {"uv": [8, 7.0625, 8.0625, 7.1875], "texture": "#0"},
				"west": {"uv": [7.1875, 7.4375, 7.6875, 7.5625], "texture": "#0"},
				"up": {"uv": [1.5625, 8.375, 1.5, 7.875], "texture": "#0"},
				"down": {"uv": [1.625, 7.875, 1.5625, 8.375], "texture": "#0"}
			}
		},
		{
			"name": "hexadecagon",
			"from": [27.91, 5.1365, 20.32],
			"to": [29.29, 6.7835, 28.6],
			"rotation": {"angle": -22.5, "axis": "x", "origin": [28.6, 5.96, 24.46]},
			"faces": {
				"north": {"uv": [8, 7.1875, 8.0625, 7.3125], "texture": "#0"},
				"east": {"uv": [1, 7.5, 1.5, 7.625], "texture": "#0"},
				"south": {"uv": [7.3125, 8, 7.375, 8.125], "texture": "#0"},
				"west": {"uv": [7.5, 1.5, 8, 1.625], "texture": "#0"},
				"up": {"uv": [2.1875, 8.375, 2.125, 7.875], "texture": "#0"},
				"down": {"uv": [2.25, 7.875, 2.1875, 8.375], "texture": "#0"}
			}
		},
		{
			"name": "hexadecagon",
			"from": [27.91, 5.1365, 20.32],
			"to": [29.29, 6.7835, 28.6],
			"rotation": {"angle": 0, "axis": "y", "origin": [28.6, 5.96, 24.46]},
			"faces": {
				"north": {"uv": [8, 7.3125, 8.0625, 7.4375], "texture": "#0"},
				"east": {"uv": [7.5, 1.625, 8, 1.75], "texture": "#0"},
				"south": {"uv": [7.375, 8, 7.4375, 8.125], "texture": "#0"},
				"west": {"uv": [7.5, 1.75, 8, 1.875], "texture": "#0"},
				"up": {"uv": [2.3125, 8.375, 2.25, 7.875], "texture": "#0"},
				"down": {"uv": [2.375, 7.875, 2.3125, 8.375], "texture": "#0"}
			}
		},
		{
			"name": "hexadecagon",
			"from": [27.91, 5.1365, 20.32],
			"to": [29.29, 6.7835, 28.6],
			"rotation": {"angle": 22.5, "axis": "x", "origin": [28.6, 5.96, 24.46]},
			"faces": {
				"north": {"uv": [7.4375, 8, 7.5, 8.125], "texture": "#0"},
				"east": {"uv": [7.5, 1.875, 8, 2], "texture": "#0"},
				"south": {"uv": [8, 7.4375, 8.0625, 7.5625], "texture": "#0"},
				"west": {"uv": [2.75, 7.5, 3.25, 7.625], "texture": "#0"},
				"up": {"uv": [2.4375, 8.375, 2.375, 7.875], "texture": "#0"},
				"down": {"uv": [2.5, 7.875, 2.4375, 8.375], "texture": "#0"}
			}
		},
		{
			"name": "hexadecagon",
			"from": [27.91, 5.1365, 20.32],
			"to": [29.29, 6.7835, 28.6],
			"rotation": {"angle": 45, "axis": "x", "origin": [28.6, 5.96, 24.46]},
			"faces": {
				"north": {"uv": [7.5, 8, 7.5625, 8.125], "texture": "#0"},
				"east": {"uv": [7.5, 5.4375, 8, 5.5625], "texture": "#0"},
				"south": {"uv": [7.5625, 8, 7.625, 8.125], "texture": "#0"},
				"west": {"uv": [7.5, 5.5625, 8, 5.6875], "texture": "#0"},
				"up": {"uv": [2.5625, 8.375, 2.5, 7.875], "texture": "#0"},
				"down": {"uv": [2.625, 7.875, 2.5625, 8.375], "texture": "#0"}
			}
		},
		{
			"name": "hexadecagon",
			"from": [27.91, 1.82, 23.6365],
			"to": [29.29, 10.1, 25.2835],
			"rotation": {"angle": -22.5, "axis": "x", "origin": [28.6, 5.96, 24.46]},
			"faces": {
				"north": {"uv": [2.625, 7.875, 2.6875, 8.375], "texture": "#0"},
				"east": {"uv": [3.25, 7.375, 3.375, 7.875], "texture": "#0"},
				"south": {"uv": [2.6875, 7.875, 2.75, 8.375], "texture": "#0"},
				"west": {"uv": [3.375, 7.375, 3.5, 7.875], "texture": "#0"},
				"up": {"uv": [8.0625, 7.6875, 8, 7.5625], "texture": "#0"},
				"down": {"uv": [7.6875, 8, 7.625, 8.125], "texture": "#0"}
			}
		},
		{
			"name": "hexadecagon",
			"from": [27.91, 1.82, 23.6365],
			"to": [29.29, 10.1, 25.2835],
			"rotation": {"angle": 0, "axis": "y", "origin": [28.6, 5.96, 24.46]},
			"faces": {
				"north": {"uv": [7.875, 3.125, 7.9375, 3.625], "texture": "#0"},
				"east": {"uv": [7.5625, 4.5625, 7.6875, 5.0625], "texture": "#0"},
				"south": {"uv": [3.25, 7.875, 3.3125, 8.375], "texture": "#0"},
				"west": {"uv": [6.8125, 7.5625, 6.9375, 8.0625], "texture": "#0"},
				"up": {"uv": [7.75, 8.125, 7.6875, 8], "texture": "#0"},
				"down": {"uv": [8.0625, 7.6875, 8, 7.8125], "texture": "#0"}
			}
		},
		{
			"name": "hexadecagon",
			"from": [27.91, 1.82, 23.6365],
			"to": [29.29, 10.1, 25.2835],
			"rotation": {"angle": 22.5, "axis": "x", "origin": [28.6, 5.96, 24.46]},
			"faces": {
				"north": {"uv": [3.3125, 7.875, 3.375, 8.375], "texture": "#0"},
				"east": {"uv": [6.9375, 7.5625, 7.0625, 8.0625], "texture": "#0"},
				"south": {"uv": [3.375, 7.875, 3.4375, 8.375], "texture": "#0"},
				"west": {"uv": [7.1875, 7.5625, 7.3125, 8.0625], "texture": "#0"},
				"up": {"uv": [7.8125, 8.125, 7.75, 8], "texture": "#0"},
				"down": {"uv": [8.0625, 7.8125, 8, 7.9375], "texture": "#0"}
			}
		}
	],
	"display": {
		"head": {
			"rotation": [0, -180, 0],
			"translation": [0, -35.25, 63.25]
		}
	},
	"groups": [
		{
			"name": "bb_main",
			"origin": [1, -52, 1],
			"color": 0,
			"children": [
				{
					"name": "bone3",
					"origin": [1, -32.68, 1],
					"color": 7,
					"children": [0, 1, 2, 3]
				},
				{
					"name": "bone",
					"origin": [1, -52, 1],
					"color": 1,
					"children": [4]
				},
				{
					"name": "bone4",
					"origin": [1, -53.38, 1],
					"color": 8,
					"children": [5, 6, 7, 8, 9, 10, 11]
				},
				{
					"name": "bone5",
					"origin": [1, -54.76, 5.14],
					"color": 9,
					"children": []
				},
				{
					"name": "bone6",
					"origin": [1, -52, 1],
					"color": 0,
					"children": [12, 13, 14, 15]
				},
				{
					"name": "bone7",
					"origin": [1, -52, 1],
					"color": 1,
					"children": [16, 17]
				},
				{
					"name": "bone8",
					"origin": [1, -52, 1],
					"color": 2,
					"children": [18, 19, 20, 21]
				},
				{
					"name": "bone2",
					"origin": [-39.02, 7.34, -0.38],
					"color": 2,
					"children": [22, 23, 24, 25]
				},
				{
					"name": "bone9",
					"origin": [7.9, -0.94, 1],
					"color": 3,
					"children": [26, 27]
				},
				{
					"name": "hexadecagon",
					"origin": [17.56, -3.7, -14.18],
					"color": 0,
					"children": [28, 29, 30, 31, 32, 33, 34, 35]
				},
				{
					"name": "hexadecagon2",
					"origin": [-16.94, -3.7, -14.18],
					"color": 1,
					"children": [36, 37, 38, 39, 40, 41, 42, 43]
				},
				{
					"name": "hexadecagon",
					"origin": [-16.94, -5.08, 13.42],
					"color": 0,
					"children": [44, 45, 46, 47, 48, 49, 50, 51, 52, 53]
				},
				{
					"name": "hexadecagon3",
					"origin": [17.56, -5.08, 13.42],
					"color": 0,
					"children": [54, 55, 56, 57, 58, 59, 60, 61]
				}
			]
		}
	]
}