{
	"credit": "Made with Blockbench",
	"texture_size": [128, 128],
	"textures": {
		"0": "item/zainy",
		"particle": "item/zainy"
	},
	"elements": [
		{
			"name": "bb_main",
			"from": [8.52, 7.34, 22.32],
			"to": [14.04, 10.1, 25.08],
			"rotation": {"angle": 0, "axis": "y", "origin": [11.28, -6.46, 15.42]},
			"faces": {
				"north": {"uv": [7, 3.5, 7.75, 3.875], "texture": "#0"},
				"east": {"uv": [11, 9.375, 11.375, 9.75], "texture": "#0"},
				"south": {"uv": [1, 10.375, 1.75, 10.75], "texture": "#0"},
				"west": {"uv": [11, 9.75, 11.375, 10.125], "texture": "#0"},
				"up": {"uv": [2.5, 10.75, 1.75, 10.375], "texture": "#0"},
				"down": {"uv": [3.25, 10.375, 2.5, 10.75], "texture": "#0"}
			}
		},
		{
			"name": "bone3",
			"from": [-5, 7.1, -4.52],
			"to": [18.74, 16.76, -1.76],
			"rotation": {"angle": -22.5, "axis": "x", "origin": [2.76, 10.1, -3.14]},
			"faces": {
				"north": {"uv": [0, 5.125, 3, 6.375], "texture": "#0"},
				"east": {"uv": [8.625, 9.375, 9, 10.625], "texture": "#0"},
				"south": {"uv": [3, 5.125, 6, 6.375], "texture": "#0"},
				"west": {"uv": [9, 9.375, 9.375, 10.625], "texture": "#0"},
				"up": {"uv": [9.25, 8.875, 6.25, 8.5], "texture": "#0"},
				"down": {"uv": [6.125, 8.875, 3.125, 9.25], "texture": "#0"}
			}
		},
		{
			"from": [-5, 14, 12],
			"to": [19.74, 17, 20],
			"rotation": {"angle": 0, "axis": "y", "origin": [-3, 7, 12]},
			"faces": {
				"north": {"uv": [8, 6.625, 11.125, 7], "texture": "#0"},
				"east": {"uv": [9.5, 0.25, 10.5, 0.625], "texture": "#0"},
				"south": {"uv": [8, 7, 11.125, 7.375], "texture": "#0"},
				"west": {"uv": [9.5, 0.625, 10.5, 1], "texture": "#0"},
				"up": {"uv": [3.125, 8.25, 0, 7.25], "texture": "#0"},
				"down": {"uv": [6.25, 7.5, 3.125, 8.5], "texture": "#0"}
			}
		},
		{
			"name": "bone",
			"from": [-4.52, 5.2, -5.9],
			"to": [18.22, 6.58, 27.22],
			"rotation": {"angle": 0, "axis": "y", "origin": [7.9, 3.58, 21.7]},
			"faces": {
				"north": {"uv": [9.5, 1.75, 12.375, 1.875], "texture": "#0"},
				"east": {"uv": [8.125, 3.375, 12.25, 3.5], "texture": "#0"},
				"south": {"uv": [9.5, 1.875, 12.375, 2], "texture": "#0"},
				"west": {"uv": [8.375, 6.5, 12.5, 6.625], "texture": "#0"},
				"up": {"uv": [2.875, 4.125, 0, 0], "texture": "#0"},
				"down": {"uv": [5.75, 0, 2.875, 4.125], "texture": "#0"}
			}
		},
		{
			"name": "bone",
			"from": [-3.14, 7.1, -1.76],
			"to": [17.84, 8.48, 6.52],
			"rotation": {"angle": 22.5, "axis": "x", "origin": [9.28, 10.1, 1]},
			"faces": {
				"north": {"uv": [10.125, 9.125, 12.75, 9.25], "texture": "#0"},
				"east": {"uv": [5.75, 4, 6.75, 4.125], "texture": "#0"},
				"south": {"uv": [10.125, 9.25, 12.75, 9.375], "texture": "#0"},
				"west": {"uv": [6.75, 4, 7.75, 4.125], "texture": "#0"},
				"up": {"uv": [11, 5.5, 8.375, 4.5], "texture": "#0"},
				"down": {"uv": [11, 5.5, 8.375, 6.5], "texture": "#0"}
			}
		},
		{
			"name": "bone4",
			"from": [-3.14, 6.1, -7.28],
			"to": [16.22, 18.52, -4.52],
			"rotation": {"angle": 0, "axis": "y", "origin": [12.04, -5.08, 3.76]},
			"faces": {
				"north": {"uv": [5.75, 2, 8.125, 3.5], "texture": "#0"},
				"east": {"uv": [9.375, 7.375, 9.75, 8.875], "texture": "#0"},
				"south": {"uv": [6, 5.125, 8.375, 6.625], "texture": "#0"},
				"west": {"uv": [8, 9.375, 8.375, 10.875], "texture": "#0"},
				"up": {"uv": [2.375, 9.625, 0, 9.25], "texture": "#0"},
				"down": {"uv": [4.75, 9.25, 2.375, 9.625], "texture": "#0"}
			}
		},
		{
			"name": "bone6",
			"from": [-4.52, 5.96, -3.14],
			"to": [-3.14, 13.96, 26.66],
			"rotation": {"angle": 0, "axis": "y", "origin": [-4.52, 5.96, 6.52]},
			"faces": {
				"north": {"uv": [4, 9.875, 4.125, 10.875], "texture": "#0"},
				"east": {"uv": [5.75, 0, 9.5, 1], "texture": "#0"},
				"south": {"uv": [7.875, 9.875, 8, 10.875], "texture": "#0"},
				"west": {"uv": [5.75, 1, 9.5, 2], "texture": "#0"},
				"up": {"uv": [9.5, 13.125, 9.375, 9.375], "texture": "#0"},
				"down": {"uv": [9.625, 9.375, 9.5, 13.125], "texture": "#0"}
			}
		},
		{
			"name": "bone6",
			"from": [-5.52, 5.96, 17.56],
			"to": [-4.14, 10.1, 27.22],
			"rotation": {"angle": 0, "axis": "y", "origin": [-5.52, 5.96, 23.08]},
			"faces": {
				"north": {"uv": [4.625, 9.625, 4.75, 10.125], "texture": "#0"},
				"east": {"uv": [5.75, 3.5, 7, 4], "texture": "#0"},
				"south": {"uv": [11, 6, 11.125, 6.5], "texture": "#0"},
				"west": {"uv": [6.75, 9.375, 8, 9.875], "texture": "#0"},
				"up": {"uv": [7.75, 12.5, 7.625, 11.25], "texture": "#0"},
				"down": {"uv": [7.875, 11.25, 7.75, 12.5], "texture": "#0"}
			}
		},
		{
			"name": "bone6",
			"from": [18.84, 4.58, 17.56],
			"to": [20.22, 10.1, 25.84],
			"rotation": {"angle": 0, "axis": "y", "origin": [18.84, 4.58, 23.08]},
			"faces": {
				"north": {"uv": [4.75, 11.625, 4.875, 12.375], "texture": "#0"},
				"east": {"uv": [4.75, 9.25, 5.75, 10], "texture": "#0"},
				"south": {"uv": [11.625, 5.25, 11.75, 6], "texture": "#0"},
				"west": {"uv": [5.75, 9.375, 6.75, 10.125], "texture": "#0"},
				"up": {"uv": [3.75, 12.375, 3.625, 11.375], "texture": "#0"},
				"down": {"uv": [11.5, 5.25, 11.375, 6.25], "texture": "#0"}
			}
		},
		{
			"name": "bone6",
			"from": [17.84, 5.96, -4.66],
			"to": [19.22, 13.96, 26.04],
			"rotation": {"angle": 0, "axis": "y", "origin": [16.46, 5.96, 16.04]},
			"faces": {
				"north": {"uv": [6.625, 11.375, 6.75, 12.375], "texture": "#0"},
				"east": {"uv": [0, 4.125, 3.875, 5.125], "texture": "#0"},
				"south": {"uv": [11.375, 6.625, 11.5, 7.625], "texture": "#0"},
				"west": {"uv": [3.875, 4.125, 7.75, 5.125], "texture": "#0"},
				"up": {"uv": [8.5, 13.25, 8.375, 9.375], "texture": "#0"},
				"down": {"uv": [8.625, 9.375, 8.5, 13.25], "texture": "#0"}
			}
		},
		{
			"name": "bone7",
			"from": [-4.52, 4.82, 26.08],
			"to": [20.22, 13.24, 27.46],
			"rotation": {"angle": 0, "axis": "y", "origin": [10.66, 11.72, 26.08]},
			"faces": {
				"north": {"uv": [6.25, 7.5, 9.375, 8.5], "texture": "#0"},
				"east": {"uv": [6.75, 11.375, 6.875, 12.375], "texture": "#0"},
				"south": {"uv": [7.75, 3.5, 10.875, 4.5], "texture": "#0"},
				"west": {"uv": [6.875, 11.375, 7, 12.375], "texture": "#0"},
				"up": {"uv": [12.625, 0.125, 9.5, 0], "texture": "#0"},
				"down": {"uv": [12.625, 0.125, 9.5, 0.25], "texture": "#0"}
			}
		},
		{
			"name": "bone8",
			"from": [13.46, 15, -8.66],
			"to": [14.84, 24.66, -7.28],
			"rotation": {"angle": -22.5, "axis": "x", "origin": [14.84, 18.38, -8.66]},
			"faces": {
				"north": {"uv": [11.25, 11.125, 11.375, 12.375], "texture": "#0"},
				"east": {"uv": [1, 11.375, 1.125, 12.625], "texture": "#0"},
				"south": {"uv": [1.125, 11.375, 1.25, 12.625], "texture": "#0"},
				"west": {"uv": [1.25, 11.375, 1.375, 12.625], "texture": "#0"},
				"up": {"uv": [3.25, 7.5, 3.125, 7.375], "texture": "#0"},
				"down": {"uv": [3.375, 7.375, 3.25, 7.5], "texture": "#0"}
			}
		},
		{
			"name": "bone8",
			"from": [-1.76, 15.62, -8.66],
			"to": [-0.38, 25.28, -7.28],
			"rotation": {"angle": -22.5, "axis": "x", "origin": [-0.38, 17, -8.66]},
			"faces": {
				"north": {"uv": [1.375, 11.375, 1.5, 12.625], "texture": "#0"},
				"east": {"uv": [1.5, 11.375, 1.625, 12.625], "texture": "#0"},
				"south": {"uv": [2, 11.375, 2.125, 12.625], "texture": "#0"},
				"west": {"uv": [11.375, 2, 11.5, 3.25], "texture": "#0"},
				"up": {"uv": [3.5, 7.5, 3.375, 7.375], "texture": "#0"},
				"down": {"uv": [7.5, 3.875, 7.375, 4], "texture": "#0"}
			}
		},
		{
			"name": "bone8",
			"from": [-8.76, 23.1, -11.8],
			"to": [22.84, 30, -9.42],
			"rotation": {"angle": -45, "axis": "x", "origin": [9.18, 25.28, -11.42]},
			"faces": {
				"north": {"uv": [0, 6.375, 4, 7.25], "texture": "#0"},
				"east": {"uv": [4.375, 11, 4.625, 11.875], "texture": "#0"},
				"south": {"uv": [4, 6.625, 8, 7.5], "texture": "#0"},
				"west": {"uv": [11, 5.125, 11.25, 6], "texture": "#0"},
				"up": {"uv": [10.125, 9.125, 6.125, 8.875], "texture": "#0"},
				"down": {"uv": [10.125, 9.125, 6.125, 9.375], "texture": "#0"}
			}
		},
		{
			"from": [0, 24, -16],
			"to": [3, 27, -11],
			"rotation": {"angle": 0, "axis": "y", "origin": [0, 24, -16]},
			"faces": {
				"north": {"uv": [11.125, 8, 11.5, 8.375], "texture": "#0"},
				"east": {"uv": [7.75, 4.5, 8.375, 4.875], "texture": "#0"},
				"south": {"uv": [11.125, 8.375, 11.5, 8.75], "texture": "#0"},
				"west": {"uv": [1, 11, 1.625, 11.375], "texture": "#0"},
				"up": {"uv": [8.25, 11.5, 7.875, 10.875], "texture": "#0"},
				"down": {"uv": [2, 11, 1.625, 11.625], "texture": "#0"}
			}
		},
		{
			"from": [0, 24, -16],
			"to": [3, 27, -16],
			"rotation": {"angle": 0, "axis": "y", "origin": [0, 24, -16]},
			"faces": {
				"north": {"uv": [2.125, 11.375, 2.5, 11.75], "texture": "#0"},
				"east": {"uv": [0, 0, 0, 0.375], "texture": "#0"},
				"south": {"uv": [2.5, 11.375, 2.875, 11.75], "texture": "#0"},
				"west": {"uv": [0, 0, 0, 0.375], "texture": "#0"},
				"up": {"uv": [0.375, 0, 0, 0], "texture": "#0"},
				"down": {"uv": [0.375, 0, 0, 0], "texture": "#0"}
			}
		},
		{
			"from": [10, 24, -16],
			"to": [13, 27, -16],
			"rotation": {"angle": 0, "axis": "y", "origin": [10, 24, -16]},
			"faces": {
				"north": {"uv": [2.875, 11.375, 3.25, 11.75], "texture": "#0"},
				"east": {"uv": [0, 0, 0, 0.375], "texture": "#0"},
				"south": {"uv": [3.25, 11.375, 3.625, 11.75], "texture": "#0"},
				"west": {"uv": [0, 0, 0, 0.375], "texture": "#0"},
				"up": {"uv": [0.375, 0, 0, 0], "texture": "#0"},
				"down": {"uv": [0.375, 0, 0, 0], "texture": "#0"}
			}
		},
		{
			"name": "bone2",
			"from": [16.46, 10.1, -4.52],
			"to": [17.84, 12.86, -3.14],
			"rotation": {"angle": -45, "axis": "z", "origin": [17.84, 10.1, -3.14]},
			"faces": {
				"north": {"uv": [9.25, 8.5, 9.375, 8.875], "texture": "#0"},
				"east": {"uv": [11.125, 6, 11.25, 6.375], "texture": "#0"},
				"south": {"uv": [11.375, 7.625, 11.5, 8], "texture": "#0"},
				"west": {"uv": [11.5, 1.25, 11.625, 1.625], "texture": "#0"},
				"up": {"uv": [7.625, 4, 7.5, 3.875], "texture": "#0"},
				"down": {"uv": [7.75, 3.875, 7.625, 4], "texture": "#0"}
			}
		},
		{
			"name": "bone2",
			"from": [-5.9, 5.58, 23.08],
			"to": [-3.14, 6.96, 24.46],
			"rotation": {"angle": 0, "axis": "y", "origin": [3.76, -8.22, 32.74]},
			"faces": {
				"north": {"uv": [5.375, 6.375, 5.75, 6.5], "texture": "#0"},
				"east": {"uv": [8, 7.375, 8.125, 7.5], "texture": "#0"},
				"south": {"uv": [5.375, 6.5, 5.75, 6.625], "texture": "#0"},
				"west": {"uv": [8.125, 7.375, 8.25, 7.5], "texture": "#0"},
				"up": {"uv": [7.375, 4, 7, 3.875], "texture": "#0"},
				"down": {"uv": [3.5, 7.25, 3.125, 7.375], "texture": "#0"}
			}
		},
		{
			"name": "bone2",
			"from": [18.46, 4.58, 23.08],
			"to": [19.84, 7.34, 24.46],
			"rotation": {"angle": -45, "axis": "z", "origin": [19.84, 4.58, 24.46]},
			"faces": {
				"north": {"uv": [11.5, 3, 11.625, 3.375], "texture": "#0"},
				"east": {"uv": [11.5, 8.625, 11.625, 9], "texture": "#0"},
				"south": {"uv": [11.625, 1.25, 11.75, 1.625], "texture": "#0"},
				"west": {"uv": [11.625, 3, 11.75, 3.375], "texture": "#0"},
				"up": {"uv": [8.375, 7.5, 8.25, 7.375], "texture": "#0"},
				"down": {"uv": [8.5, 7.375, 8.375, 7.5], "texture": "#0"}
			}
		},
		{
			"name": "bone2",
			"from": [-7.28, 10.1, -3.14],
			"to": [-5.9, 12.86, -1.76],
			"rotation": {"angle": -45, "axis": "z", "origin": [-5.9, 10.1, -1.76]},
			"faces": {
				"north": {"uv": [5.875, 11.625, 6, 12], "texture": "#0"},
				"east": {"uv": [6, 11.625, 6.125, 12], "texture": "#0"},
				"south": {"uv": [11.625, 6, 11.75, 6.375], "texture": "#0"},
				"west": {"uv": [6.125, 11.625, 6.25, 12], "texture": "#0"},
				"up": {"uv": [8.625, 7.5, 8.5, 7.375], "texture": "#0"},
				"down": {"uv": [8.75, 7.375, 8.625, 7.5], "texture": "#0"}
			}
		},
		{
			"name": "bone9",
			"from": [16.18, 7.34, 23.94],
			"to": [17.56, 10.1, 23.94],
			"rotation": {"angle": 45, "axis": "x", "origin": [24.46, 7.34, 23.94]},
			"faces": {
				"north": {"uv": [6.25, 11.625, 6.375, 12], "texture": "#0"},
				"east": {"uv": [0, 0, 0, 0.375], "texture": "#0"},
				"south": {"uv": [6.375, 11.625, 6.5, 12], "texture": "#0"},
				"west": {"uv": [0, 0, 0, 0.375], "texture": "#0"},
				"up": {"uv": [0.125, 0, 0, 0], "texture": "#0"},
				"down": {"uv": [0.125, 0, 0, 0], "texture": "#0"}
			}
		},
		{
			"name": "bone9",
			"from": [-1.76, 8.72, 22.32],
			"to": [-0.38, 11.48, 22.32],
			"rotation": {"angle": 45, "axis": "x", "origin": [-1.76, 8.72, 22.32]},
			"faces": {
				"north": {"uv": [6.5, 11.625, 6.625, 12], "texture": "#0"},
				"east": {"uv": [0, 0, 0, 0.375], "texture": "#0"},
				"south": {"uv": [11.625, 6.625, 11.75, 7], "texture": "#0"},
				"west": {"uv": [0, 0, 0, 0.375], "texture": "#0"},
				"up": {"uv": [0.125, 0, 0, 0], "texture": "#0"},
				"down": {"uv": [0.125, 0, 0, 0], "texture": "#0"}
			}
		},
		{
			"from": [-5, 14, 19],
			"to": [19.74, 17, 27],
			"rotation": {"angle": 22.5, "axis": "x", "origin": [-3, 14, 19]},
			"faces": {
				"north": {"uv": [8.125, 3, 11.25, 3.375], "texture": "#0"},
				"east": {"uv": [9.5, 1, 10.5, 1.375], "texture": "#0"},
				"south": {"uv": [3.125, 8.5, 6.25, 8.875], "texture": "#0"},
				"west": {"uv": [9.5, 1.375, 10.5, 1.75], "texture": "#0"},
				"up": {"uv": [11.25, 3, 8.125, 2], "texture": "#0"},
				"down": {"uv": [3.125, 8.25, 0, 9.25], "texture": "#0"}
			}
		},
		{
			"name": "hexadecagon",
			"from": [19.91, 6.242, -8.66],
			"to": [21.29, 8.438, 2.38],
			"rotation": {"angle": -45, "axis": "x", "origin": [20.6, 7.34, -3.14]},
			"faces": {
				"north": {"uv": [5.75, 6.375, 5.875, 6.625], "texture": "#0"},
				"east": {"uv": [4, 6.375, 5.375, 6.625], "texture": "#0"},
				"south": {"uv": [5.875, 6.375, 6, 6.625], "texture": "#0"},
				"west": {"uv": [0, 9.625, 1.375, 9.875], "texture": "#0"},
				"up": {"uv": [8.375, 12.25, 8.25, 10.875], "texture": "#0"},
				"down": {"uv": [5, 11.125, 4.875, 12.5], "texture": "#0"}
			}
		},
		{
			"name": "hexadecagon",
			"from": [19.91, 6.242, -8.66],
			"to": [21.29, 8.438, 2.38],
			"rotation": {"angle": -22.5, "axis": "x", "origin": [20.6, 7.34, -3.14]},
			"faces": {
				"north": {"uv": [3.5, 7.25, 3.625, 7.5], "texture": "#0"},
				"east": {"uv": [1.375, 9.625, 2.75, 9.875], "texture": "#0"},
				"south": {"uv": [3.625, 7.25, 3.75, 7.5], "texture": "#0"},
				"west": {"uv": [2.75, 9.625, 4.125, 9.875], "texture": "#0"},
				"up": {"uv": [5.125, 12.5, 5, 11.125], "texture": "#0"},
				"down": {"uv": [5.25, 11.125, 5.125, 12.5], "texture": "#0"}
			}
		},
		{
			"name": "hexadecagon",
			"from": [19.91, 6.242, -8.66],
			"to": [21.29, 8.438, 2.38],
			"rotation": {"angle": 0, "axis": "y", "origin": [20.6, 7.34, -3.14]},
			"faces": {
				"north": {"uv": [3.75, 7.25, 3.875, 7.5], "texture": "#0"},
				"east": {"uv": [9.625, 9.375, 11, 9.625], "texture": "#0"},
				"south": {"uv": [3.875, 7.25, 4, 7.5], "texture": "#0"},
				"west": {"uv": [9.625, 9.625, 11, 9.875], "texture": "#0"},
				"up": {"uv": [5.375, 12.5, 5.25, 11.125], "texture": "#0"},
				"down": {"uv": [5.5, 11.125, 5.375, 12.5], "texture": "#0"}
			}
		},
		{
			"name": "hexadecagon",
			"from": [19.91, 6.242, -8.66],
			"to": [21.29, 8.438, 2.38],
			"rotation": {"angle": 22.5, "axis": "x", "origin": [20.6, 7.34, -3.14]},
			"faces": {
				"north": {"uv": [7.75, 4.875, 7.875, 5.125], "texture": "#0"},
				"east": {"uv": [9.75, 7.375, 11.125, 7.625], "texture": "#0"},
				"south": {"uv": [7.875, 4.875, 8, 5.125], "texture": "#0"},
				"west": {"uv": [9.75, 7.625, 11.125, 7.875], "texture": "#0"},
				"up": {"uv": [5.625, 12.5, 5.5, 11.125], "texture": "#0"},
				"down": {"uv": [5.75, 11.125, 5.625, 12.5], "texture": "#0"}
			}
		},
		{
			"name": "hexadecagon",
			"from": [19.91, 6.242, -8.66],
			"to": [21.29, 8.438, 2.38],
			"rotation": {"angle": 45, "axis": "x", "origin": [20.6, 7.34, -3.14]},
			"faces": {
				"north": {"uv": [8, 4.875, 8.125, 5.125], "texture": "#0"},
				"east": {"uv": [9.75, 7.875, 11.125, 8.125], "texture": "#0"},
				"south": {"uv": [8.125, 4.875, 8.25, 5.125], "texture": "#0"},
				"west": {"uv": [9.75, 8.125, 11.125, 8.375], "texture": "#0"},
				"up": {"uv": [5.875, 12.5, 5.75, 11.125], "texture": "#0"},
				"down": {"uv": [11.25, 6.625, 11.125, 8], "texture": "#0"}
			}
		},
		{
			"name": "hexadecagon",
			"from": [19.91, 1.82, -4.238],
			"to": [21.29, 12.86, -2.042],
			"rotation": {"angle": -22.5, "axis": "x", "origin": [20.6, 7.34, -3.14]},
			"faces": {
				"north": {"uv": [10.375, 11.125, 10.5, 12.5], "texture": "#0"},
				"east": {"uv": [4.125, 9.625, 4.375, 11], "texture": "#0"},
				"south": {"uv": [10.5, 11.125, 10.625, 12.5], "texture": "#0"},
				"west": {"uv": [4.375, 9.625, 4.625, 11], "texture": "#0"},
				"up": {"uv": [8.375, 5.125, 8.25, 4.875], "texture": "#0"},
				"down": {"uv": [6.875, 9.875, 6.75, 10.125], "texture": "#0"}
			}
		},
		{
			"name": "hexadecagon",
			"from": [19.91, 1.82, -4.238],
			"to": [21.29, 12.86, -2.042],
			"rotation": {"angle": 0, "axis": "y", "origin": [20.6, 7.34, -3.14]},
			"faces": {
				"north": {"uv": [10.625, 11.125, 10.75, 12.5], "texture": "#0"},
				"east": {"uv": [0, 9.875, 0.25, 11.25], "texture": "#0"},
				"south": {"uv": [10.75, 11.125, 10.875, 12.5], "texture": "#0"},
				"west": {"uv": [0.25, 9.875, 0.5, 11.25], "texture": "#0"},
				"up": {"uv": [7, 10.125, 6.875, 9.875], "texture": "#0"},
				"down": {"uv": [7.125, 9.875, 7, 10.125], "texture": "#0"}
			}
		},
		{
			"name": "hexadecagon",
			"from": [19.91, 1.82, -4.238],
			"to": [21.29, 12.86, -2.042],
			"rotation": {"angle": 22.5, "axis": "x", "origin": [20.6, 7.34, -3.14]},
			"faces": {
				"north": {"uv": [10.875, 11.125, 11, 12.5], "texture": "#0"},
				"east": {"uv": [0.5, 9.875, 0.75, 11.25], "texture": "#0"},
				"south": {"uv": [11, 11.125, 11.125, 12.5], "texture": "#0"},
				"west": {"uv": [0.75, 9.875, 1, 11.25], "texture": "#0"},
				"up": {"uv": [7.25, 10.125, 7.125, 9.875], "texture": "#0"},
				"down": {"uv": [7.375, 9.875, 7.25, 10.125], "texture": "#0"}
			}
		},
		{
			"name": "hexadecagon",
			"from": [-6.59, 6.242, -8.66],
			"to": [-5.21, 8.438, 2.38],
			"rotation": {"angle": -45, "axis": "x", "origin": [-5.9, 7.34, -3.14]},
			"faces": {
				"north": {"uv": [3, 10.75, 3.125, 11], "texture": "#0"},
				"east": {"uv": [9.75, 8.375, 11.125, 8.625], "texture": "#0"},
				"south": {"uv": [3.125, 10.75, 3.25, 11], "texture": "#0"},
				"west": {"uv": [9.75, 8.625, 11.125, 8.875], "texture": "#0"},
				"up": {"uv": [11.25, 12.5, 11.125, 11.125], "texture": "#0"},
				"down": {"uv": [0.125, 11.25, 0, 12.625], "texture": "#0"}
			}
		},
		{
			"name": "hexadecagon",
			"from": [-6.59, 6.242, -8.66],
			"to": [-5.21, 8.438, 2.38],
			"rotation": {"angle": -22.5, "axis": "x", "origin": [-5.9, 7.34, -3.14]},
			"faces": {
				"north": {"uv": [11.375, 6.25, 11.5, 6.5], "texture": "#0"},
				"east": {"uv": [1, 9.875, 2.375, 10.125], "texture": "#0"},
				"south": {"uv": [11.5, 6.25, 11.625, 6.5], "texture": "#0"},
				"west": {"uv": [2.375, 9.875, 3.75, 10.125], "texture": "#0"},
				"up": {"uv": [0.25, 12.625, 0.125, 11.25], "texture": "#0"},
				"down": {"uv": [0.375, 11.25, 0.25, 12.625], "texture": "#0"}
			}
		},
		{
			"name": "hexadecagon",
			"from": [-6.59, 6.242, -8.66],
			"to": [-5.21, 8.438, 2.38],
			"rotation": {"angle": 0, "axis": "y", "origin": [-5.9, 7.34, -3.14]},
			"faces": {
				"north": {"uv": [11.625, 7, 11.75, 7.25], "texture": "#0"},
				"east": {"uv": [9.625, 9.875, 11, 10.125], "texture": "#0"},
				"south": {"uv": [11.625, 7.25, 11.75, 7.5], "texture": "#0"},
				"west": {"uv": [1, 10.125, 2.375, 10.375], "texture": "#0"},
				"up": {"uv": [0.5, 12.625, 0.375, 11.25], "texture": "#0"},
				"down": {"uv": [0.625, 11.25, 0.5, 12.625], "texture": "#0"}
			}
		},
		{
			"name": "hexadecagon",
			"from": [-6.59, 6.242, -8.66],
			"to": [-5.21, 8.438, 2.38],
			"rotation": {"angle": 22.5, "axis": "x", "origin": [-5.9, 7.34, -3.14]},
			"faces": {
				"north": {"uv": [11.625, 7.5, 11.75, 7.75], "texture": "#0"},
				"east": {"uv": [2.375, 10.125, 3.75, 10.375], "texture": "#0"},
				"south": {"uv": [11.625, 7.75, 11.75, 8], "texture": "#0"},
				"west": {"uv": [4.625, 10.125, 6, 10.375], "texture": "#0"},
				"up": {"uv": [0.75, 12.625, 0.625, 11.25], "texture": "#0"},
				"down": {"uv": [0.875, 11.25, 0.75, 12.625], "texture": "#0"}
			}
		},
		{
			"name": "hexadecagon",
			"from": [-6.59, 6.242, -8.66],
			"to": [-5.21, 8.438, 2.38],
			"rotation": {"angle": 45, "axis": "x", "origin": [-5.9, 7.34, -3.14]},
			"faces": {
				"north": {"uv": [11.625, 8, 11.75, 8.25], "texture": "#0"},
				"east": {"uv": [6, 10.125, 7.375, 10.375], "texture": "#0"},
				"south": {"uv": [11.625, 8.25, 11.75, 8.5], "texture": "#0"},
				"west": {"uv": [10.125, 8.875, 11.5, 9.125], "texture": "#0"},
				"up": {"uv": [1, 12.625, 0.875, 11.25], "texture": "#0"},
				"down": {"uv": [11.375, 2, 11.25, 3.375], "texture": "#0"}
			}
		},
		{
			"name": "hexadecagon",
			"from": [-6.59, 1.82, -4.238],
			"to": [-5.21, 12.86, -2.042],
			"rotation": {"angle": -22.5, "axis": "x", "origin": [-5.9, 7.34, -3.14]},
			"faces": {
				"north": {"uv": [3.75, 11.25, 3.875, 12.625], "texture": "#0"},
				"east": {"uv": [3.75, 9.875, 4, 11.25], "texture": "#0"},
				"south": {"uv": [3.875, 11.25, 4, 12.625], "texture": "#0"},
				"west": {"uv": [7.375, 9.875, 7.625, 11.25], "texture": "#0"},
				"up": {"uv": [11.75, 8.75, 11.625, 8.5], "texture": "#0"},
				"down": {"uv": [8.75, 11.625, 8.625, 11.875], "texture": "#0"}
			}
		},
		{
			"name": "hexadecagon",
			"from": [-6.59, 1.82, -4.238],
			"to": [-5.21, 12.86, -2.042],
			"rotation": {"angle": 0, "axis": "y", "origin": [-5.9, 7.34, -3.14]},
			"faces": {
				"north": {"uv": [11.25, 5.125, 11.375, 6.5], "texture": "#0"},
				"east": {"uv": [7.625, 9.875, 7.875, 11.25], "texture": "#0"},
				"south": {"uv": [11.25, 6.625, 11.375, 8], "texture": "#0"},
				"west": {"uv": [9.625, 10.125, 9.875, 11.5], "texture": "#0"},
				"up": {"uv": [8.875, 11.875, 8.75, 11.625], "texture": "#0"},
				"down": {"uv": [11.75, 8.75, 11.625, 9], "texture": "#0"}
			}
		},
		{
			"name": "hexadecagon",
			"from": [-6.59, 1.82, -4.238],
			"to": [-5.21, 12.86, -2.042],
			"rotation": {"angle": 22.5, "axis": "x", "origin": [-5.9, 7.34, -3.14]},
			"faces": {
				"north": {"uv": [7.375, 11.25, 7.5, 12.625], "texture": "#0"},
				"east": {"uv": [9.875, 10.125, 10.125, 11.5], "texture": "#0"},
				"south": {"uv": [7.5, 11.25, 7.625, 12.625], "texture": "#0"},
				"west": {"uv": [10.125, 10.125, 10.375, 11.5], "texture": "#0"},
				"up": {"uv": [9, 11.875, 8.875, 11.625], "texture": "#0"},
				"down": {"uv": [9.125, 11.625, 9, 11.875], "texture": "#0"}
			}
		},
		{
			"name": "hexadecagon",
			"from": [-6.59, 5.1365, 20.32],
			"to": [-5.21, 6.7835, 28.6],
			"rotation": {"angle": -45, "axis": "x", "origin": [-5.9, 5.96, 24.46]},
			"faces": {
				"north": {"uv": [9.125, 11.625, 9.25, 11.875], "texture": "#0"},
				"east": {"uv": [4.625, 10.375, 5.625, 10.625], "texture": "#0"},
				"south": {"uv": [9.25, 11.625, 9.375, 11.875], "texture": "#0"},
				"west": {"uv": [5.625, 10.375, 6.625, 10.625], "texture": "#0"},
				"up": {"uv": [7.125, 12.375, 7, 11.375], "texture": "#0"},
				"down": {"uv": [7.25, 11.375, 7.125, 12.375], "texture": "#0"}
			}
		},
		{
			"name": "hexadecagon",
			"from": [-6.59, 5.1365, 20.32],
			"to": [-5.21, 6.7835, 28.6],
			"rotation": {"angle": -22.5, "axis": "x", "origin": [-5.9, 5.96, 24.46]},
			"faces": {
				"north": {"uv": [11.625, 9.375, 11.75, 9.625], "texture": "#0"},
				"east": {"uv": [10.375, 10.125, 11.375, 10.375], "texture": "#0"},
				"south": {"uv": [11.625, 9.625, 11.75, 9.875], "texture": "#0"},
				"west": {"uv": [10.375, 10.375, 11.375, 10.625], "texture": "#0"},
				"up": {"uv": [7.375, 12.375, 7.25, 11.375], "texture": "#0"},
				"down": {"uv": [11.5, 9.375, 11.375, 10.375], "texture": "#0"}
			}
		},
		{
			"name": "hexadecagon",
			"from": [-6.59, 5.1365, 20.32],
			"to": [-5.21, 6.7835, 28.6],
			"rotation": {"angle": 0, "axis": "y", "origin": [-5.9, 5.96, 24.46]},
			"faces": {
				"north": {"uv": [11.625, 9.875, 11.75, 10.125], "texture": "#0"},
				"east": {"uv": [10.5, 0.25, 11.5, 0.5], "texture": "#0"},
				"south": {"uv": [11.625, 10.125, 11.75, 10.375], "texture": "#0"},
				"west": {"uv": [10.5, 0.5, 11.5, 0.75], "texture": "#0"},
				"up": {"uv": [11.5, 11.375, 11.375, 10.375], "texture": "#0"},
				"down": {"uv": [11.5, 11.375, 11.375, 12.375], "texture": "#0"}
			}
		},
		{
			"name": "hexadecagon",
			"from": [-6.59, 5.1365, 20.32],
			"to": [-5.21, 6.7835, 28.6],
			"rotation": {"angle": 22.5, "axis": "x", "origin": [-5.9, 5.96, 24.46]},
			"faces": {
				"north": {"uv": [11.625, 10.375, 11.75, 10.625], "texture": "#0"},
				"east": {"uv": [10.5, 0.75, 11.5, 1], "texture": "#0"},
				"south": {"uv": [11.625, 10.625, 11.75, 10.875], "texture": "#0"},
				"west": {"uv": [10.5, 1, 11.5, 1.25], "texture": "#0"},
				"up": {"uv": [11.625, 1.25, 11.5, 0.25], "texture": "#0"},
				"down": {"uv": [11.625, 2, 11.5, 3], "texture": "#0"}
			}
		},
		{
			"name": "hexadecagon",
			"from": [-6.59, 5.1365, 20.32],
			"to": [-5.21, 6.7835, 28.6],
			"rotation": {"angle": 45, "axis": "x", "origin": [-5.9, 5.96, 24.46]},
			"faces": {
				"north": {"uv": [11.625, 10.875, 11.75, 11.125], "texture": "#0"},
				"east": {"uv": [10.5, 1.25, 11.5, 1.5], "texture": "#0"},
				"south": {"uv": [11.625, 11.125, 11.75, 11.375], "texture": "#0"},
				"west": {"uv": [10.5, 1.5, 11.5, 1.75], "texture": "#0"},
				"up": {"uv": [11.625, 6.25, 11.5, 5.25], "texture": "#0"},
				"down": {"uv": [11.625, 6.625, 11.5, 7.625], "texture": "#0"}
			}
		},
		{
			"name": "hexadecagon",
			"from": [-6.59, 1.82, 23.6365],
			"to": [-5.21, 10.1, 25.2835],
			"rotation": {"angle": -22.5, "axis": "x", "origin": [-5.9, 5.96, 24.46]},
			"faces": {
				"north": {"uv": [11.5, 7.625, 11.625, 8.625], "texture": "#0"},
				"east": {"uv": [3.25, 10.375, 3.5, 11.375], "texture": "#0"},
				"south": {"uv": [7.875, 11.5, 8, 12.5], "texture": "#0"},
				"west": {"uv": [3.5, 10.375, 3.75, 11.375], "texture": "#0"},
				"up": {"uv": [11.75, 11.625, 11.625, 11.375], "texture": "#0"},
				"down": {"uv": [11.75, 11.625, 11.625, 11.875], "texture": "#0"}
			}
		},
		{
			"name": "hexadecagon",
			"from": [-6.59, 1.82, 23.6365],
			"to": [-5.21, 10.1, 25.2835],
			"rotation": {"angle": 0, "axis": "y", "origin": [-5.9, 5.96, 24.46]},
			"faces": {
				"north": {"uv": [8, 11.5, 8.125, 12.5], "texture": "#0"},
				"east": {"uv": [6.625, 10.375, 6.875, 11.375], "texture": "#0"},
				"south": {"uv": [8.125, 11.5, 8.25, 12.5], "texture": "#0"},
				"west": {"uv": [6.875, 10.375, 7.125, 11.375], "texture": "#0"},
				"up": {"uv": [11.875, 0.5, 11.75, 0.25], "texture": "#0"},
				"down": {"uv": [11.875, 0.5, 11.75, 0.75], "texture": "#0"}
			}
		},
		{
			"name": "hexadecagon",
			"from": [-6.59, 1.82, 23.6365],
			"to": [-5.21, 10.1, 25.2835],
			"rotation": {"angle": 22.5, "axis": "x", "origin": [-5.9, 5.96, 24.46]},
			"faces": {
				"north": {"uv": [11.5, 9.375, 11.625, 10.375], "texture": "#0"},
				"east": {"uv": [7.125, 10.375, 7.375, 11.375], "texture": "#0"},
				"south": {"uv": [9.625, 11.5, 9.75, 12.5], "texture": "#0"},
				"west": {"uv": [4.625, 10.625, 4.875, 11.625], "texture": "#0"},
				"up": {"uv": [11.875, 1, 11.75, 0.75], "texture": "#0"},
				"down": {"uv": [11.875, 1, 11.75, 1.25], "texture": "#0"}
			}
		},
		{
			"name": "hexadecagon",
			"from": [20.91, 5.1365, 20.32],
			"to": [22.29, 6.7835, 28.6],
			"rotation": {"angle": -45, "axis": "x", "origin": [21.6, 5.96, 24.46]},
			"faces": {
				"north": {"uv": [11.75, 1.25, 11.875, 1.5], "texture": "#0"},
				"east": {"uv": [4.875, 10.625, 5.875, 10.875], "texture": "#0"},
				"south": {"uv": [11.75, 1.5, 11.875, 1.75], "texture": "#0"},
				"west": {"uv": [10.375, 10.625, 11.375, 10.875], "texture": "#0"},
				"up": {"uv": [9.875, 12.5, 9.75, 11.5], "texture": "#0"},
				"down": {"uv": [10, 11.5, 9.875, 12.5], "texture": "#0"}
			}
		},
		{
			"name": "hexadecagon",
			"from": [20.91, 5.1365, 20.32],
			"to": [22.29, 6.7835, 28.6],
			"rotation": {"angle": -22.5, "axis": "x", "origin": [21.6, 5.96, 24.46]},
			"faces": {
				"north": {"uv": [11.75, 2, 11.875, 2.25], "texture": "#0"},
				"east": {"uv": [1, 10.75, 2, 11], "texture": "#0"},
				"south": {"uv": [2.125, 11.75, 2.25, 12], "texture": "#0"},
				"west": {"uv": [2, 10.75, 3, 11], "texture": "#0"},
				"up": {"uv": [10.125, 12.5, 10, 11.5], "texture": "#0"},
				"down": {"uv": [10.25, 11.5, 10.125, 12.5], "texture": "#0"}
			}
		},
		{
			"name": "hexadecagon",
			"from": [20.91, 5.1365, 20.32],
			"to": [22.29, 6.7835, 28.6],
			"rotation": {"angle": 0, "axis": "y", "origin": [21.6, 5.96, 24.46]},
			"faces": {
				"north": {"uv": [2.25, 11.75, 2.375, 12], "texture": "#0"},
				"east": {"uv": [10.875, 3.5, 11.875, 3.75], "texture": "#0"},
				"south": {"uv": [11.75, 2.25, 11.875, 2.5], "texture": "#0"},
				"west": {"uv": [10.875, 3.75, 11.875, 4], "texture": "#0"},
				"up": {"uv": [10.375, 12.5, 10.25, 11.5], "texture": "#0"},
				"down": {"uv": [11.625, 10.375, 11.5, 11.375], "texture": "#0"}
			}
		},
		{
			"name": "hexadecagon",
			"from": [20.91, 5.1365, 20.32],
			"to": [22.29, 6.7835, 28.6],
			"rotation": {"angle": 22.5, "axis": "x", "origin": [21.6, 5.96, 24.46]},
			"faces": {
				"north": {"uv": [2.375, 11.75, 2.5, 12], "texture": "#0"},
				"east": {"uv": [10.875, 4, 11.875, 4.25], "texture": "#0"},
				"south": {"uv": [2.5, 11.75, 2.625, 12], "texture": "#0"},
				"west": {"uv": [10.875, 4.25, 11.875, 4.5], "texture": "#0"},
				"up": {"uv": [11.625, 12.375, 11.5, 11.375], "texture": "#0"},
				"down": {"uv": [11.75, 0.25, 11.625, 1.25], "texture": "#0"}
			}
		},
		{
			"name": "hexadecagon",
			"from": [20.91, 5.1365, 20.32],
			"to": [22.29, 6.7835, 28.6],
			"rotation": {"angle": 45, "axis": "x", "origin": [21.6, 5.96, 24.46]},
			"faces": {
				"north": {"uv": [11.75, 2.5, 11.875, 2.75], "texture": "#0"},
				"east": {"uv": [4.875, 10.875, 5.875, 11.125], "texture": "#0"},
				"south": {"uv": [2.625, 11.75, 2.75, 12], "texture": "#0"},
				"west": {"uv": [10.375, 10.875, 11.375, 11.125], "texture": "#0"},
				"up": {"uv": [1.75, 12.625, 1.625, 11.625], "texture": "#0"},
				"down": {"uv": [1.875, 11.625, 1.75, 12.625], "texture": "#0"}
			}
		},
		{
			"name": "hexadecagon",
			"from": [20.91, 1.82, 23.6365],
			"to": [22.29, 10.1, 25.2835],
			"rotation": {"angle": -22.5, "axis": "x", "origin": [21.6, 5.96, 24.46]},
			"faces": {
				"north": {"uv": [1.875, 11.625, 2, 12.625], "texture": "#0"},
				"east": {"uv": [5.875, 10.625, 6.125, 11.625], "texture": "#0"},
				"south": {"uv": [11.625, 2, 11.75, 3], "texture": "#0"},
				"west": {"uv": [6.125, 10.625, 6.375, 11.625], "texture": "#0"},
				"up": {"uv": [2.875, 12, 2.75, 11.75], "texture": "#0"},
				"down": {"uv": [11.875, 2.75, 11.75, 3], "texture": "#0"}
			}
		},
		{
			"name": "hexadecagon",
			"from": [20.91, 1.82, 23.6365],
			"to": [22.29, 10.1, 25.2835],
			"rotation": {"angle": 0, "axis": "y", "origin": [21.6, 5.96, 24.46]},
			"faces": {
				"north": {"uv": [4, 11.625, 4.125, 12.625], "texture": "#0"},
				"east": {"uv": [6.375, 10.625, 6.625, 11.625], "texture": "#0"},
				"south": {"uv": [4.125, 11.625, 4.25, 12.625], "texture": "#0"},
				"west": {"uv": [8.625, 10.625, 8.875, 11.625], "texture": "#0"},
				"up": {"uv": [3, 12, 2.875, 11.75], "texture": "#0"},
				"down": {"uv": [3.125, 11.75, 3, 12], "texture": "#0"}
			}
		},
		{
			"name": "hexadecagon",
			"from": [20.91, 1.82, 23.6365],
			"to": [22.29, 10.1, 25.2835],
			"rotation": {"angle": 22.5, "axis": "x", "origin": [21.6, 5.96, 24.46]},
			"faces": {
				"north": {"uv": [4.25, 11.625, 4.375, 12.625], "texture": "#0"},
				"east": {"uv": [8.875, 10.625, 9.125, 11.625], "texture": "#0"},
				"south": {"uv": [4.625, 11.625, 4.75, 12.625], "texture": "#0"},
				"west": {"uv": [9.125, 10.625, 9.375, 11.625], "texture": "#0"},
				"up": {"uv": [11.875, 3.25, 11.75, 3], "texture": "#0"},
				"down": {"uv": [3.25, 11.75, 3.125, 12], "texture": "#0"}
			}
		},
		{
			"from": [10, 24, -16],
			"to": [13, 27, -11],
			"rotation": {"angle": 0, "axis": "y", "origin": [10, 24, -13]},
			"faces": {
				"north": {"uv": [11.375, 4.5, 11.75, 4.875], "texture": "#0"},
				"east": {"uv": [2, 11, 2.625, 11.375], "texture": "#0"},
				"south": {"uv": [11.375, 4.875, 11.75, 5.25], "texture": "#0"},
				"west": {"uv": [2.625, 11, 3.25, 11.375], "texture": "#0"},
				"up": {"uv": [4.375, 11.625, 4, 11], "texture": "#0"},
				"down": {"uv": [11.375, 4.5, 11, 5.125], "texture": "#0"}
			}
		}
	],
	"display": {
		"gui": {
			"rotation": [0, -87, 0],
			"translation": [-0.25, -1, 0.75],
			"scale": [0.49, 0.43, 0.48]
		},
		"head": {
			"rotation": [0, -180, 0],
			"translation": [0, -35.25, 71.5]
		}
	},
	"groups": [
		{
			"name": "bb_main",
			"origin": [1, -52, 1],
			"color": 0,
			"children": [
				0,
				{
					"name": "bone3",
					"origin": [1, -32.68, 1],
					"color": 7,
					"children": [1, 2]
				},
				{
					"name": "bone",
					"origin": [1, -52, 1],
					"color": 1,
					"children": [3, 4]
				},
				{
					"name": "bone4",
					"origin": [1, -53.38, 1],
					"color": 8,
					"children": [5]
				},
				{
					"name": "bone5",
					"origin": [1, -54.76, 5.14],
					"color": 9,
					"children": []
				},
				{
					"name": "bone6",
					"origin": [1, -52, 1],
					"color": 0,
					"children": [6, 7, 8, 9]
				},
				{
					"name": "bone7",
					"origin": [1, -52, 1],
					"color": 1,
					"children": [10]
				},
				{
					"name": "bone8",
					"origin": [1, -52, 1],
					"color": 2,
					"children": [11, 12, 13, 14, 15, 16]
				},
				{
					"name": "bone2",
					"origin": [-39.02, 7.34, -0.38],
					"color": 2,
					"children": [17, 18, 19, 20]
				},
				{
					"name": "bone9",
					"origin": [7.9, -0.94, 1],
					"color": 3,
					"children": [21, 22, 23]
				},
				{
					"name": "hexadecagon",
					"origin": [17.56, -3.7, -14.18],
					"color": 0,
					"children": [24, 25, 26, 27, 28, 29, 30, 31]
				},
				{
					"name": "hexadecagon2",
					"origin": [-16.94, -3.7, -14.18],
					"color": 1,
					"children": [32, 33, 34, 35, 36, 37, 38, 39]
				},
				{
					"name": "hexadecagon",
					"origin": [-16.94, -5.08, 13.42],
					"color": 0,
					"children": [40, 41, 42, 43, 44, 45, 46, 47]
				},
				{
					"name": "hexadecagon3",
					"origin": [17.56, -5.08, 13.42],
					"color": 0,
					"children": [48, 49, 50, 51, 52, 53, 54, 55]
				}
			]
		},
		56
	]
}