{"minecraft:recipes/decorations/crafting_table":{"criteria":{"unlock_right_away":"2025-02-25 21:59:17 -0500"},"done":true},"minecraft:adventure/adventuring_time":{"criteria":{"minecraft:plains":"2025-02-25 21:59:18 -0500"},"done":false},"minecraft:recipes/transportation/mangrove_boat":{"criteria":{"in_water":"2025-03-09 17:24:10 -0400"},"done":true},"minecraft:recipes/transportation/acacia_boat":{"criteria":{"in_water":"2025-03-09 17:24:10 -0400"},"done":true},"minecraft:recipes/transportation/cherry_boat":{"criteria":{"in_water":"2025-03-09 17:24:10 -0400"},"done":true},"minecraft:recipes/transportation/pale_oak_boat":{"criteria":{"in_water":"2025-03-09 17:24:10 -0400"},"done":true},"minecraft:recipes/transportation/bamboo_raft":{"criteria":{"in_water":"2025-03-09 17:24:10 -0400"},"done":true},"minecraft:recipes/transportation/spruce_boat":{"criteria":{"in_water":"2025-03-09 17:24:10 -0400"},"done":true},"minecraft:recipes/transportation/birch_boat":{"criteria":{"in_water":"2025-03-09 17:24:10 -0400"},"done":true},"minecraft:recipes/transportation/oak_boat":{"criteria":{"in_water":"2025-03-09 17:24:10 -0400"},"done":true},"minecraft:recipes/transportation/jungle_boat":{"criteria":{"in_water":"2025-03-09 17:24:10 -0400"},"done":true},"minecraft:recipes/transportation/dark_oak_boat":{"criteria":{"in_water":"2025-03-09 17:24:10 -0400"},"done":true},"minecraft:recipes/decorations/snow":{"criteria":{"has_snowball":"2025-03-21 16:32:21 -0400"},"done":true},"minecraft:recipes/building_blocks/snow_block":{"criteria":{"has_snowball":"2025-03-21 16:32:21 -0400"},"done":true},"minecraft:recipes/decorations/red_shulker_box":{"criteria":{"has_shulker_box":"2025-04-04 15:40:11 -0400"},"done":true},"minecraft:recipes/decorations/yellow_shulker_box":{"criteria":{"has_shulker_box":"2025-04-04 15:40:11 -0400"},"done":true},"minecraft:recipes/decorations/gray_shulker_box":{"criteria":{"has_shulker_box":"2025-04-04 15:40:11 -0400"},"done":true},"minecraft:recipes/decorations/lime_shulker_box":{"criteria":{"has_shulker_box":"2025-04-04 15:40:11 -0400"},"done":true},"minecraft:recipes/decorations/purple_shulker_box":{"criteria":{"has_shulker_box":"2025-04-04 15:40:11 -0400"},"done":true},"minecraft:recipes/decorations/pink_shulker_box":{"criteria":{"has_shulker_box":"2025-04-04 15:40:11 -0400"},"done":true},"minecraft:recipes/decorations/cyan_shulker_box":{"criteria":{"has_shulker_box":"2025-04-04 15:40:11 -0400"},"done":true},"minecraft:recipes/decorations/white_shulker_box":{"criteria":{"has_shulker_box":"2025-04-04 15:40:11 -0400"},"done":true},"minecraft:recipes/decorations/green_shulker_box":{"criteria":{"has_shulker_box":"2025-04-04 15:40:11 -0400"},"done":true},"minecraft:recipes/decorations/brown_shulker_box":{"criteria":{"has_shulker_box":"2025-04-04 15:40:11 -0400"},"done":true},"minecraft:recipes/decorations/light_blue_shulker_box":{"criteria":{"has_shulker_box":"2025-04-04 15:40:11 -0400"},"done":true},"minecraft:recipes/decorations/magenta_shulker_box":{"criteria":{"has_shulker_box":"2025-04-04 15:40:11 -0400"},"done":true},"minecraft:recipes/decorations/light_gray_shulker_box":{"criteria":{"has_shulker_box":"2025-04-04 15:40:11 -0400"},"done":true},"minecraft:recipes/decorations/blue_shulker_box":{"criteria":{"has_shulker_box":"2025-04-04 15:40:11 -0400"},"done":true},"minecraft:recipes/decorations/orange_shulker_box":{"criteria":{"has_shulker_box":"2025-04-04 15:40:11 -0400"},"done":true},"minecraft:recipes/decorations/black_shulker_box":{"criteria":{"has_shulker_box":"2025-04-04 15:40:11 -0400"},"done":true},"minecraft:recipes/combat/arrow":{"criteria":{"has_feather":"2025-04-04 15:40:33 -0400"},"done":true},"minecraft:recipes/transportation/dark_oak_chest_boat":{"criteria":{"has_boat":"2025-04-04 15:58:28 -0400"},"done":true},"minecraft:recipes/transportation/bamboo_chest_raft":{"criteria":{"has_boat":"2025-04-04 15:58:28 -0400"},"done":true},"minecraft:recipes/transportation/spruce_chest_boat":{"criteria":{"has_boat":"2025-04-04 15:58:28 -0400"},"done":true},"minecraft:recipes/transportation/pale_oak_chest_boat":{"criteria":{"has_boat":"2025-04-04 15:58:28 -0400"},"done":true},"minecraft:recipes/transportation/jungle_chest_boat":{"criteria":{"has_boat":"2025-04-04 15:58:28 -0400"},"done":true},"minecraft:recipes/transportation/acacia_chest_boat":{"criteria":{"has_boat":"2025-04-04 15:58:28 -0400"},"done":true},"minecraft:recipes/transportation/mangrove_chest_boat":{"criteria":{"has_boat":"2025-04-04 15:58:28 -0400"},"done":true},"minecraft:recipes/transportation/oak_chest_boat":{"criteria":{"has_boat":"2025-04-04 15:58:28 -0400"},"done":true},"minecraft:recipes/transportation/cherry_chest_boat":{"criteria":{"has_boat":"2025-04-04 15:58:28 -0400"},"done":true},"minecraft:recipes/transportation/birch_chest_boat":{"criteria":{"has_boat":"2025-04-04 15:58:28 -0400"},"done":true},"minecraft:recipes/food/cooked_porkchop":{"criteria":{"has_porkchop":"2025-04-11 15:25:15 -0400"},"done":true},"minecraft:recipes/food/cooked_porkchop_from_campfire_cooking":{"criteria":{"has_porkchop":"2025-04-11 15:25:15 -0400"},"done":true},"minecraft:recipes/food/cooked_porkchop_from_smoking":{"criteria":{"has_porkchop":"2025-04-11 15:25:15 -0400"},"done":true},"minecraft:recipes/brewing/cauldron":{"criteria":{"has_water_bucket":"2025-04-14 11:30:25 -0400"},"done":true},"minecraft:recipes/decorations/blast_furnace":{"criteria":{"has_smooth_stone":"2025-04-14 11:38:20 -0400"},"done":true},"minecraft:recipes/building_blocks/smooth_stone_slab":{"criteria":{"has_smooth_stone":"2025-04-14 11:38:20 -0400"},"done":true},"minecraft:recipes/building_blocks/smooth_stone_slab_from_smooth_stone_stonecutting":{"criteria":{"has_smooth_stone":"2025-04-14 11:38:20 -0400"},"done":true},"minecraft:recipes/misc/green_dye":{"criteria":{"has_cactus":"2025-04-14 11:40:40 -0400"},"done":true},"minecraft:recipes/building_blocks/lime_concrete_powder":{"criteria":{"has_sand":"2025-04-14 11:40:41 -0400"},"done":true},"minecraft:recipes/building_blocks/light_gray_concrete_powder":{"criteria":{"has_sand":"2025-04-14 11:40:41 -0400"},"done":true},"minecraft:recipes/building_blocks/pink_concrete_powder":{"criteria":{"has_sand":"2025-04-14 11:40:41 -0400"},"done":true},"minecraft:recipes/building_blocks/orange_concrete_powder":{"criteria":{"has_sand":"2025-04-14 11:40:41 -0400"},"done":true},"minecraft:recipes/building_blocks/red_concrete_powder":{"criteria":{"has_sand":"2025-04-14 11:40:41 -0400"},"done":true},"minecraft:recipes/building_blocks/magenta_concrete_powder":{"criteria":{"has_sand":"2025-04-14 11:40:41 -0400"},"done":true},"minecraft:recipes/building_blocks/brown_concrete_powder":{"criteria":{"has_sand":"2025-04-14 11:40:41 -0400"},"done":true},"minecraft:recipes/building_blocks/light_blue_concrete_powder":{"criteria":{"has_sand":"2025-04-14 11:40:41 -0400"},"done":true},"minecraft:recipes/building_blocks/glass":{"criteria":{"has_smelts_to_glass":"2025-04-14 11:40:41 -0400"},"done":true},"minecraft:recipes/building_blocks/green_concrete_powder":{"criteria":{"has_sand":"2025-04-14 11:40:41 -0400"},"done":true},"minecraft:recipes/building_blocks/blue_concrete_powder":{"criteria":{"has_sand":"2025-04-14 11:40:41 -0400"},"done":true},"minecraft:recipes/building_blocks/yellow_concrete_powder":{"criteria":{"has_sand":"2025-04-14 11:40:41 -0400"},"done":true},"minecraft:recipes/building_blocks/sandstone":{"criteria":{"has_sand":"2025-04-14 11:40:41 -0400"},"done":true},"minecraft:recipes/building_blocks/white_concrete_powder":{"criteria":{"has_sand":"2025-04-14 11:40:41 -0400"},"done":true},"minecraft:recipes/building_blocks/gray_concrete_powder":{"criteria":{"has_sand":"2025-04-14 11:40:41 -0400"},"done":true},"minecraft:recipes/building_blocks/black_concrete_powder":{"criteria":{"has_sand":"2025-04-14 11:40:41 -0400"},"done":true},"minecraft:recipes/building_blocks/purple_concrete_powder":{"criteria":{"has_sand":"2025-04-14 11:40:41 -0400"},"done":true},"minecraft:recipes/building_blocks/cyan_concrete_powder":{"criteria":{"has_sand":"2025-04-14 11:40:41 -0400"},"done":true},"minecraft:recipes/building_blocks/sandstone_stairs":{"criteria":{"has_sandstone":"2025-04-14 11:41:19 -0400"},"done":true},"minecraft:recipes/building_blocks/sandstone_slab":{"criteria":{"has_sandstone":"2025-04-14 11:41:19 -0400"},"done":true},"minecraft:recipes/building_blocks/cut_sandstone_from_sandstone_stonecutting":{"criteria":{"has_sandstone":"2025-04-14 11:41:19 -0400"},"done":true},"minecraft:recipes/building_blocks/chiseled_sandstone_from_sandstone_stonecutting":{"criteria":{"has_sandstone":"2025-04-14 11:41:19 -0400"},"done":true},"minecraft:recipes/building_blocks/smooth_sandstone":{"criteria":{"has_sandstone":"2025-04-14 11:41:19 -0400"},"done":true},"minecraft:recipes/decorations/sandstone_wall_from_sandstone_stonecutting":{"criteria":{"has_sandstone":"2025-04-14 11:41:19 -0400"},"done":true},"minecraft:recipes/building_blocks/cut_sandstone_slab_from_sandstone_stonecutting":{"criteria":{"has_sandstone":"2025-04-14 11:41:19 -0400"},"done":true},"minecraft:recipes/building_blocks/cut_sandstone":{"criteria":{"has_sandstone":"2025-04-14 11:41:19 -0400"},"done":true},"minecraft:recipes/building_blocks/sandstone_slab_from_sandstone_stonecutting":{"criteria":{"has_sandstone":"2025-04-14 11:41:19 -0400"},"done":true},"minecraft:recipes/decorations/chest":{"criteria":{"has_lots_of_items":"2025-04-14 11:41:19 -0400"},"done":true},"minecraft:recipes/building_blocks/sandstone_stairs_from_sandstone_stonecutting":{"criteria":{"has_sandstone":"2025-04-14 11:41:19 -0400"},"done":true},"minecraft:recipes/decorations/sandstone_wall":{"criteria":{"has_sandstone":"2025-04-14 11:41:19 -0400"},"done":true},"minecraft:story/lava_bucket":{"criteria":{"lava_bucket":"2025-04-14 11:44:38 -0400"},"done":true},"DataVersion":4189}