{"minecraft:recipes/decorations/crafting_table":{"criteria":{"unlock_right_away":"2025-02-25 22:03:04 -0500"},"done":true},"minecraft:adventure/adventuring_time":{"criteria":{"minecraft:plains":"2025-02-25 22:03:05 -0500"},"done":false},"minecraft:recipes/building_blocks/polished_blackstone_bricks_from_polished_blackstone_stonecutting":{"criteria":{"has_polished_blackstone":"2025-02-27 11:17:11 -0500"},"done":true},"minecraft:recipes/building_blocks/chiseled_polished_blackstone_from_polished_blackstone_stonecutting":{"criteria":{"has_polished_blackstone":"2025-02-27 11:17:11 -0500"},"done":true},"minecraft:recipes/building_blocks/polished_blackstone_stairs_from_polished_blackstone_stonecutting":{"criteria":{"has_polished_blackstone":"2025-02-27 11:17:11 -0500"},"done":true},"minecraft:recipes/building_blocks/polished_blackstone_slab_from_polished_blackstone_stonecutting":{"criteria":{"has_polished_blackstone":"2025-02-27 11:17:11 -0500"},"done":true},"minecraft:recipes/building_blocks/polished_blackstone_stairs":{"criteria":{"has_polished_blackstone":"2025-02-27 11:17:11 -0500"},"done":true},"minecraft:recipes/building_blocks/polished_blackstone_brick_stairs_from_polished_blackstone_stonecutting":{"criteria":{"has_polished_blackstone":"2025-02-27 11:17:11 -0500"},"done":true},"minecraft:recipes/redstone/polished_blackstone_button":{"criteria":{"has_polished_blackstone":"2025-02-27 11:17:11 -0500"},"done":true},"minecraft:recipes/decorations/polished_blackstone_wall_from_polished_blackstone_stonecutting":{"criteria":{"has_polished_blackstone":"2025-02-27 11:17:11 -0500"},"done":true},"minecraft:recipes/redstone/polished_blackstone_pressure_plate":{"criteria":{"has_polished_blackstone":"2025-02-27 11:17:11 -0500"},"done":true},"minecraft:recipes/building_blocks/polished_blackstone_brick_slab_from_polished_blackstone_stonecutting":{"criteria":{"has_polished_blackstone":"2025-02-27 11:17:11 -0500"},"done":true},"minecraft:recipes/building_blocks/polished_blackstone_slab":{"criteria":{"has_polished_blackstone":"2025-02-27 11:17:11 -0500"},"done":true},"minecraft:recipes/building_blocks/polished_blackstone_bricks":{"criteria":{"has_polished_blackstone":"2025-02-27 11:17:11 -0500"},"done":true},"minecraft:recipes/decorations/polished_blackstone_wall":{"criteria":{"has_polished_blackstone":"2025-02-27 11:17:11 -0500"},"done":true},"minecraft:recipes/decorations/polished_blackstone_brick_wall_from_polished_blackstone_stonecutting":{"criteria":{"has_polished_blackstone":"2025-02-27 11:17:11 -0500"},"done":true},"minecraft:recipes/misc/netherite_ingot_from_netherite_block":{"criteria":{"has_netherite_block":"2025-02-27 11:17:21 -0500"},"done":true},"minecraft:recipes/decorations/cyan_glazed_terracotta":{"criteria":{"has_cyan_terracotta":"2025-02-27 11:18:21 -0500"},"done":true},"minecraft:recipes/decorations/polished_tuff_wall":{"criteria":{"has_polished_tuff":"2025-02-27 12:29:19 -0500"},"done":true},"minecraft:recipes/decorations/tuff_brick_wall_from_polished_tuff_stonecutting":{"criteria":{"has_polished_tuff":"2025-02-27 12:29:19 -0500"},"done":true},"minecraft:recipes/building_blocks/tuff_brick_stairs_from_polished_tuff_stonecutting":{"criteria":{"has_polished_tuff":"2025-02-27 12:29:19 -0500"},"done":true},"minecraft:recipes/building_blocks/polished_tuff_slab_from_polished_tuff_stonecutting":{"criteria":{"has_polished_tuff":"2025-02-27 12:29:19 -0500"},"done":true},"minecraft:recipes/building_blocks/polished_tuff_stairs":{"criteria":{"has_polished_tuff":"2025-02-27 12:29:19 -0500"},"done":true},"minecraft:recipes/building_blocks/polished_tuff_stairs_from_polished_tuff_stonecutting":{"criteria":{"has_polished_tuff":"2025-02-27 12:29:19 -0500"},"done":true},"minecraft:recipes/building_blocks/polished_tuff_slab":{"criteria":{"has_polished_tuff":"2025-02-27 12:29:19 -0500"},"done":true},"minecraft:recipes/building_blocks/chiseled_tuff_bricks_from_polished_tuff_stonecutting":{"criteria":{"has_polished_tuff":"2025-02-27 12:29:19 -0500"},"done":true},"minecraft:recipes/building_blocks/tuff_bricks":{"criteria":{"has_polished_tuff":"2025-02-27 12:29:19 -0500"},"done":true},"minecraft:recipes/decorations/polished_tuff_wall_from_polished_tuff_stonecutting":{"criteria":{"has_polished_tuff":"2025-02-27 12:29:19 -0500"},"done":true},"minecraft:recipes/building_blocks/tuff_bricks_from_polished_tuff_stonecutting":{"criteria":{"has_polished_tuff":"2025-02-27 12:29:19 -0500"},"done":true},"minecraft:recipes/building_blocks/tuff_brick_slab_from_polished_tuff_stonecutting":{"criteria":{"has_polished_tuff":"2025-02-27 12:29:19 -0500"},"done":true},"minecraft:recipes/building_blocks/stone_bricks":{"criteria":{"has_stone":"2025-02-27 12:29:58 -0500"},"done":true},"minecraft:recipes/building_blocks/stone_brick_slab_from_stone_stonecutting":{"criteria":{"has_stone":"2025-02-27 12:29:58 -0500"},"done":true},"minecraft:recipes/building_blocks/stone_brick_stairs_from_stone_stonecutting":{"criteria":{"has_stone":"2025-02-27 12:29:58 -0500"},"done":true},"minecraft:recipes/building_blocks/stone_slab_from_stone_stonecutting":{"criteria":{"has_stone":"2025-02-27 12:29:58 -0500"},"done":true},"minecraft:recipes/building_blocks/stone_bricks_from_stone_stonecutting":{"criteria":{"has_stone":"2025-02-27 12:29:58 -0500"},"done":true},"minecraft:recipes/building_blocks/stone_slab":{"criteria":{"has_stone":"2025-02-27 12:29:58 -0500"},"done":true},"minecraft:recipes/building_blocks/chiseled_stone_bricks_stone_from_stonecutting":{"criteria":{"has_stone":"2025-02-27 12:29:58 -0500"},"done":true},"minecraft:recipes/building_blocks/stone_stairs_from_stone_stonecutting":{"criteria":{"has_stone":"2025-02-27 12:29:58 -0500"},"done":true},"minecraft:recipes/redstone/stone_button":{"criteria":{"has_stone":"2025-02-27 12:29:58 -0500"},"done":true},"minecraft:recipes/decorations/stonecutter":{"criteria":{"has_stone":"2025-02-27 12:29:58 -0500"},"done":true},"minecraft:recipes/redstone/stone_pressure_plate":{"criteria":{"has_stone":"2025-02-27 12:29:58 -0500"},"done":true},"minecraft:recipes/building_blocks/smooth_stone":{"criteria":{"has_stone":"2025-02-27 12:29:58 -0500"},"done":true},"minecraft:recipes/decorations/stone_brick_walls_from_stone_stonecutting":{"criteria":{"has_stone":"2025-02-27 12:29:58 -0500"},"done":true},"minecraft:recipes/building_blocks/stone_stairs":{"criteria":{"has_stone":"2025-02-27 12:29:58 -0500"},"done":true},"minecraft:recipes/decorations/grindstone":{"criteria":{"has_stone_slab":"2025-02-27 12:38:54 -0500"},"done":true},"minecraft:recipes/decorations/chest":{"criteria":{"has_lots_of_items":"2025-02-27 14:29:00 -0500"},"done":true},"minecraft:recipes/building_blocks/spruce_planks":{"criteria":{"has_logs":"2025-02-27 14:43:30 -0500"},"done":true},"minecraft:recipes/misc/charcoal":{"criteria":{"has_log":"2025-02-27 14:43:30 -0500"},"done":true},"minecraft:recipes/decorations/composter":{"criteria":{"has_wood_slab":"2025-02-28 10:28:57 -0500"},"done":true},"minecraft:recipes/decorations/barrel":{"criteria":{"has_wood_slab":"2025-02-28 10:28:57 -0500"},"done":true},"minecraft:recipes/decorations/red_shulker_box":{"criteria":{"has_shulker_box":"2025-02-28 10:37:53 -0500"},"done":true},"minecraft:recipes/decorations/yellow_shulker_box":{"criteria":{"has_shulker_box":"2025-02-28 10:37:53 -0500"},"done":true},"minecraft:recipes/decorations/gray_shulker_box":{"criteria":{"has_shulker_box":"2025-02-28 10:37:53 -0500"},"done":true},"minecraft:recipes/decorations/lime_shulker_box":{"criteria":{"has_shulker_box":"2025-02-28 10:37:53 -0500"},"done":true},"minecraft:recipes/decorations/purple_shulker_box":{"criteria":{"has_shulker_box":"2025-02-28 10:37:53 -0500"},"done":true},"minecraft:recipes/decorations/pink_shulker_box":{"criteria":{"has_shulker_box":"2025-02-28 10:37:53 -0500"},"done":true},"minecraft:recipes/decorations/cyan_shulker_box":{"criteria":{"has_shulker_box":"2025-02-28 10:37:53 -0500"},"done":true},"minecraft:recipes/decorations/white_shulker_box":{"criteria":{"has_shulker_box":"2025-02-28 10:37:53 -0500"},"done":true},"minecraft:recipes/decorations/green_shulker_box":{"criteria":{"has_shulker_box":"2025-02-28 10:37:53 -0500"},"done":true},"minecraft:recipes/decorations/brown_shulker_box":{"criteria":{"has_shulker_box":"2025-02-28 10:37:53 -0500"},"done":true},"minecraft:recipes/decorations/light_blue_shulker_box":{"criteria":{"has_shulker_box":"2025-02-28 10:37:53 -0500"},"done":true},"minecraft:recipes/decorations/magenta_shulker_box":{"criteria":{"has_shulker_box":"2025-02-28 10:37:53 -0500"},"done":true},"minecraft:recipes/decorations/light_gray_shulker_box":{"criteria":{"has_shulker_box":"2025-02-28 10:37:53 -0500"},"done":true},"minecraft:recipes/decorations/blue_shulker_box":{"criteria":{"has_shulker_box":"2025-02-28 10:37:53 -0500"},"done":true},"minecraft:recipes/decorations/orange_shulker_box":{"criteria":{"has_shulker_box":"2025-02-28 10:37:53 -0500"},"done":true},"minecraft:recipes/decorations/black_shulker_box":{"criteria":{"has_shulker_box":"2025-02-28 10:37:53 -0500"},"done":true},"minecraft:recipes/decorations/black_bed":{"criteria":{"has_black_wool":"2025-02-28 10:38:27 -0500"},"done":true},"minecraft:recipes/decorations/painting":{"criteria":{"has_wool":"2025-02-28 10:38:27 -0500"},"done":true},"minecraft:recipes/decorations/black_carpet":{"criteria":{"has_black_wool":"2025-02-28 10:38:27 -0500"},"done":true},"minecraft:recipes/decorations/black_banner":{"criteria":{"has_black_wool":"2025-02-28 10:38:27 -0500"},"done":true},"minecraft:recipes/decorations/gray_glazed_terracotta":{"criteria":{"has_gray_terracotta":"2025-02-28 10:38:55 -0500"},"done":true},"minecraft:recipes/tools/flint_and_steel":{"criteria":{"has_obsidian":"2025-02-28 10:39:29 -0500"},"done":true},"minecraft:story/form_obsidian":{"criteria":{"obsidian":"2025-02-28 10:39:29 -0500"},"done":true},"minecraft:recipes/decorations/enchanting_table":{"criteria":{"has_obsidian":"2025-02-28 10:39:29 -0500"},"done":true},"minecraft:recipes/building_blocks/packed_mud":{"criteria":{"has_mud":"2025-02-28 10:42:12 -0500"},"done":true},"minecraft:recipes/redstone/redstone_lamp":{"criteria":{"has_glowstone":"2025-02-28 10:49:10 -0500"},"done":true},"minecraft:recipes/misc/white_dye":{"criteria":{"has_bone_meal":"2025-03-09 20:04:26 -0400"},"done":true},"minecraft:recipes/building_blocks/bone_block":{"criteria":{"has_bone_meal":"2025-03-09 20:04:26 -0400"},"done":true},"minecraft:recipes/building_blocks/cherry_planks":{"criteria":{"has_log":"2025-03-09 20:49:14 -0400"},"done":true},"minecraft:recipes/transportation/mangrove_boat":{"criteria":{"in_water":"2025-03-09 20:55:56 -0400"},"done":true},"minecraft:recipes/transportation/acacia_boat":{"criteria":{"in_water":"2025-03-09 20:55:56 -0400"},"done":true},"minecraft:recipes/transportation/cherry_boat":{"criteria":{"in_water":"2025-03-09 20:55:56 -0400"},"done":true},"minecraft:recipes/transportation/pale_oak_boat":{"criteria":{"in_water":"2025-03-09 20:55:56 -0400"},"done":true},"minecraft:recipes/transportation/bamboo_raft":{"criteria":{"in_water":"2025-03-09 20:55:56 -0400"},"done":true},"minecraft:recipes/transportation/spruce_boat":{"criteria":{"in_water":"2025-03-09 20:55:56 -0400"},"done":true},"minecraft:recipes/transportation/birch_boat":{"criteria":{"in_water":"2025-03-09 20:55:56 -0400"},"done":true},"minecraft:recipes/transportation/oak_boat":{"criteria":{"in_water":"2025-03-09 20:55:56 -0400"},"done":true},"minecraft:recipes/transportation/jungle_boat":{"criteria":{"in_water":"2025-03-09 20:55:56 -0400"},"done":true},"minecraft:recipes/transportation/dark_oak_boat":{"criteria":{"in_water":"2025-03-09 20:55:56 -0400"},"done":true},"minecraft:recipes/food/suspicious_stew_from_torchflower":{"criteria":{"has_torchflower":"2025-03-09 21:05:44 -0400"},"done":true},"minecraft:recipes/misc/orange_dye_from_torchflower":{"criteria":{"has_torchflower":"2025-03-09 21:05:44 -0400"},"done":true},"minecraft:recipes/food/suspicious_stew_from_cornflower":{"criteria":{"has_cornflower":"2025-03-17 10:44:12 -0400"},"done":true},"minecraft:recipes/misc/blue_dye_from_cornflower":{"criteria":{"has_cornflower":"2025-03-17 10:44:12 -0400"},"done":true},"minecraft:recipes/food/cooked_cod_from_smoking":{"criteria":{"has_cod":"2025-03-17 10:47:28 -0400"},"done":true},"minecraft:recipes/food/cooked_cod_from_campfire_cooking":{"criteria":{"has_cod":"2025-03-17 10:47:28 -0400"},"done":true},"minecraft:recipes/food/cooked_cod":{"criteria":{"has_cod":"2025-03-17 10:47:28 -0400"},"done":true},"minecraft:adventure/root":{"criteria":{"killed_something":"2025-03-17 11:01:30 -0400"},"done":true},"minecraft:recipes/decorations/red_glazed_terracotta":{"criteria":{"has_red_terracotta":"2025-03-17 13:09:45 -0400"},"done":true},"minecraft:recipes/misc/gold_ingot_from_gold_block":{"criteria":{"has_gold_block":"2025-03-17 13:11:51 -0400"},"done":true},"minecraft:recipes/food/cooked_porkchop":{"criteria":{"has_porkchop":"2025-04-07 13:22:52 -0400"},"done":true},"minecraft:recipes/food/cooked_porkchop_from_campfire_cooking":{"criteria":{"has_porkchop":"2025-04-07 13:22:52 -0400"},"done":true},"minecraft:recipes/food/cooked_porkchop_from_smoking":{"criteria":{"has_porkchop":"2025-04-07 13:22:52 -0400"},"done":true},"minecraft:recipes/decorations/stone_brick_wall":{"criteria":{"has_stone_bricks":"2025-04-13 16:29:07 -0400"},"done":true},"minecraft:recipes/building_blocks/stone_brick_slab_from_stone_bricks_stonecutting":{"criteria":{"has_stone_bricks":"2025-04-13 16:29:07 -0400"},"done":true},"minecraft:recipes/building_blocks/cracked_stone_bricks":{"criteria":{"has_stone_bricks":"2025-04-13 16:29:07 -0400"},"done":true},"minecraft:recipes/building_blocks/stone_brick_stairs_from_stone_bricks_stonecutting":{"criteria":{"has_stone_bricks":"2025-04-13 16:29:07 -0400"},"done":true},"minecraft:recipes/building_blocks/stone_brick_slab":{"criteria":{"has_stone_bricks":"2025-04-13 16:29:07 -0400"},"done":true},"minecraft:recipes/building_blocks/stone_brick_stairs":{"criteria":{"has_stone_bricks":"2025-04-13 16:29:07 -0400"},"done":true},"minecraft:recipes/building_blocks/chiseled_stone_bricks_from_stone_bricks_stonecutting":{"criteria":{"has_stone_bricks":"2025-04-13 16:29:07 -0400"},"done":true},"minecraft:recipes/building_blocks/chiseled_stone_bricks":{"criteria":{"has_tag":"2025-04-13 16:29:07 -0400"},"done":true},"minecraft:recipes/decorations/stone_brick_wall_from_stone_bricks_stonecutting":{"criteria":{"has_stone_bricks":"2025-04-13 16:29:07 -0400"},"done":true},"minecraft:recipes/decorations/ladder":{"criteria":{"has_stick":"2025-04-13 17:06:43 -0400"},"done":true},"minecraft:recipes/decorations/campfire":{"criteria":{"has_stick":"2025-04-13 17:06:43 -0400"},"done":true},"minecraft:recipes/tools/wooden_hoe":{"criteria":{"has_stick":"2025-04-13 17:06:43 -0400"},"done":true},"minecraft:recipes/tools/wooden_pickaxe":{"criteria":{"has_stick":"2025-04-13 17:06:43 -0400"},"done":true},"minecraft:recipes/tools/wooden_axe":{"criteria":{"has_stick":"2025-04-13 17:06:43 -0400"},"done":true},"minecraft:recipes/tools/wooden_shovel":{"criteria":{"has_stick":"2025-04-13 17:06:43 -0400"},"done":true},"minecraft:recipes/combat/wooden_sword":{"criteria":{"has_stick":"2025-04-13 17:06:43 -0400"},"done":true},"minecraft:recipes/building_blocks/oak_planks":{"criteria":{"has_logs":"2025-04-13 17:15:40 -0400"},"done":true},"minecraft:recipes/building_blocks/oak_wood":{"criteria":{"has_log":"2025-04-13 17:15:40 -0400"},"done":true},"minecraft:recipes/building_blocks/smooth_quartz_slab_from_smooth_quartz_stonecutting":{"criteria":{"has_smooth_quartz":"2025-04-13 21:43:32 -0400"},"done":true},"minecraft:recipes/building_blocks/smooth_quartz_slab":{"criteria":{"has_smooth_quartz":"2025-04-13 21:43:32 -0400"},"done":true},"minecraft:recipes/building_blocks/smooth_quartz_stairs":{"criteria":{"has_smooth_quartz":"2025-04-13 21:43:32 -0400"},"done":true},"minecraft:recipes/building_blocks/smooth_quartz_stairs_from_smooth_quartz_stonecutting":{"criteria":{"has_smooth_quartz":"2025-04-13 21:43:32 -0400"},"done":true},"minecraft:recipes/misc/iron_ingot_from_iron_block":{"criteria":{"has_iron_block":"2025-04-13 21:46:14 -0400"},"done":true},"minecraft:recipes/decorations/anvil":{"criteria":{"has_iron_block":"2025-04-13 21:46:14 -0400"},"done":true},"minecraft:recipes/building_blocks/diorite_stairs_from_diorite_stonecutting":{"criteria":{"has_diorite":"2025-04-13 21:49:24 -0400"},"done":true},"minecraft:recipes/building_blocks/polished_diorite":{"criteria":{"has_diorite":"2025-04-13 21:49:24 -0400"},"done":true},"minecraft:recipes/building_blocks/diorite_slab":{"criteria":{"has_diorite":"2025-04-13 21:49:24 -0400"},"done":true},"minecraft:recipes/decorations/diorite_wall_from_diorite_stonecutting":{"criteria":{"has_diorite":"2025-04-13 21:49:24 -0400"},"done":true},"minecraft:recipes/building_blocks/andesite":{"criteria":{"has_stone":"2025-04-13 21:49:24 -0400"},"done":true},"minecraft:recipes/building_blocks/polished_diorite_from_diorite_stonecutting":{"criteria":{"has_diorite":"2025-04-13 21:49:24 -0400"},"done":true},"minecraft:recipes/decorations/diorite_wall":{"criteria":{"has_diorite":"2025-04-13 21:49:24 -0400"},"done":true},"minecraft:recipes/building_blocks/diorite_slab_from_diorite_stonecutting":{"criteria":{"has_diorite":"2025-04-13 21:49:24 -0400"},"done":true},"minecraft:recipes/building_blocks/polished_diorite_slab_from_diorite_stonecutting":{"criteria":{"has_diorite":"2025-04-13 21:49:24 -0400"},"done":true},"minecraft:recipes/building_blocks/polished_diorite_stairs_from_diorite_stonecutting":{"criteria":{"has_diorite":"2025-04-13 21:49:24 -0400"},"done":true},"minecraft:recipes/building_blocks/diorite_stairs":{"criteria":{"has_diorite":"2025-04-13 21:49:24 -0400"},"done":true},"minecraft:recipes/decorations/spruce_hanging_sign":{"criteria":{"has_stripped_logs":"2025-04-13 21:52:01 -0400"},"done":true},"minecraft:recipes/building_blocks/stripped_spruce_wood":{"criteria":{"has_log":"2025-04-13 21:52:01 -0400"},"done":true},"minecraft:recipes/redstone/lever":{"criteria":{"has_cobblestone":"2025-04-13 22:09:15 -0400"},"done":true},"minecraft:recipes/combat/stone_sword":{"criteria":{"has_cobblestone":"2025-04-13 22:09:15 -0400"},"done":true},"minecraft:recipes/decorations/cobblestone_wall":{"criteria":{"has_cobblestone":"2025-04-13 22:09:15 -0400"},"done":true},"minecraft:recipes/tools/stone_pickaxe":{"criteria":{"has_cobblestone":"2025-04-13 22:09:15 -0400"},"done":true},"minecraft:recipes/tools/stone_axe":{"criteria":{"has_cobblestone":"2025-04-13 22:09:15 -0400"},"done":true},"minecraft:story/mine_stone":{"criteria":{"get_stone":"2025-04-13 22:09:15 -0400"},"done":true},"minecraft:recipes/decorations/furnace":{"criteria":{"has_cobblestone":"2025-04-13 22:09:15 -0400"},"done":true},"minecraft:recipes/building_blocks/cobblestone_slab":{"criteria":{"has_cobblestone":"2025-04-13 22:09:15 -0400"},"done":true},"minecraft:recipes/building_blocks/cobblestone_slab_from_cobblestone_stonecutting":{"criteria":{"has_cobblestone":"2025-04-13 22:09:15 -0400"},"done":true},"minecraft:recipes/building_blocks/stone":{"criteria":{"has_cobblestone":"2025-04-13 22:09:15 -0400"},"done":true},"minecraft:recipes/decorations/cobblestone_wall_from_cobblestone_stonecutting":{"criteria":{"has_cobblestone":"2025-04-13 22:09:15 -0400"},"done":true},"minecraft:recipes/building_blocks/cobblestone_stairs_from_cobblestone_stonecutting":{"criteria":{"has_cobblestone":"2025-04-13 22:09:15 -0400"},"done":true},"minecraft:recipes/building_blocks/cobblestone_stairs":{"criteria":{"has_cobblestone":"2025-04-13 22:09:15 -0400"},"done":true},"minecraft:recipes/tools/stone_hoe":{"criteria":{"has_cobblestone":"2025-04-13 22:09:15 -0400"},"done":true},"minecraft:recipes/tools/stone_shovel":{"criteria":{"has_cobblestone":"2025-04-13 22:09:15 -0400"},"done":true},"minecraft:recipes/redstone/jungle_trapdoor":{"criteria":{"has_planks":"2025-04-13 22:10:46 -0400"},"done":true},"minecraft:recipes/decorations/jungle_sign":{"criteria":{"has_planks":"2025-04-13 22:10:46 -0400"},"done":true},"minecraft:recipes/redstone/jungle_door":{"criteria":{"has_planks":"2025-04-13 22:10:46 -0400"},"done":true},"minecraft:recipes/misc/stick":{"criteria":{"has_planks":"2025-04-13 22:10:46 -0400"},"done":true},"minecraft:recipes/decorations/jungle_fence":{"criteria":{"has_planks":"2025-04-13 22:10:46 -0400"},"done":true},"minecraft:recipes/redstone/jungle_pressure_plate":{"criteria":{"has_planks":"2025-04-13 22:10:46 -0400"},"done":true},"minecraft:recipes/redstone/jungle_button":{"criteria":{"has_planks":"2025-04-13 22:10:46 -0400"},"done":true},"minecraft:recipes/building_blocks/jungle_slab":{"criteria":{"has_planks":"2025-04-13 22:10:46 -0400"},"done":true},"minecraft:recipes/building_blocks/jungle_stairs":{"criteria":{"has_planks":"2025-04-13 22:10:46 -0400"},"done":true},"minecraft:recipes/redstone/jungle_fence_gate":{"criteria":{"has_planks":"2025-04-13 22:10:46 -0400"},"done":true},"minecraft:recipes/food/suspicious_stew_from_red_tulip":{"criteria":{"has_red_tulip":"2025-04-13 22:33:41 -0400"},"done":true},"minecraft:recipes/misc/red_dye_from_tulip":{"criteria":{"has_red_flower":"2025-04-13 22:33:41 -0400"},"done":true},"minecraft:recipes/food/suspicious_stew_from_poppy":{"criteria":{"has_poppy":"2025-04-13 22:33:47 -0400"},"done":true},"minecraft:recipes/misc/red_dye_from_poppy":{"criteria":{"has_poppy":"2025-04-13 22:33:47 -0400"},"done":true},"minecraft:recipes/misc/red_dye_from_rose_bush":{"criteria":{"has_rose_bush":"2025-04-13 22:34:05 -0400"},"done":true},"minecraft:recipes/redstone/birch_button":{"criteria":{"has_planks":"2025-04-13 22:35:00 -0400"},"done":true},"minecraft:recipes/redstone/birch_door":{"criteria":{"has_planks":"2025-04-13 22:35:00 -0400"},"done":true},"minecraft:recipes/decorations/birch_fence":{"criteria":{"has_planks":"2025-04-13 22:35:00 -0400"},"done":true},"minecraft:recipes/redstone/birch_trapdoor":{"criteria":{"has_planks":"2025-04-13 22:35:00 -0400"},"done":true},"minecraft:recipes/decorations/birch_sign":{"criteria":{"has_planks":"2025-04-13 22:35:00 -0400"},"done":true},"minecraft:recipes/redstone/birch_fence_gate":{"criteria":{"has_planks":"2025-04-13 22:35:00 -0400"},"done":true},"minecraft:recipes/redstone/birch_pressure_plate":{"criteria":{"has_planks":"2025-04-13 22:35:00 -0400"},"done":true},"minecraft:recipes/building_blocks/birch_slab":{"criteria":{"has_planks":"2025-04-13 22:35:00 -0400"},"done":true},"minecraft:recipes/building_blocks/birch_stairs":{"criteria":{"has_planks":"2025-04-13 22:35:00 -0400"},"done":true},"minecraft:recipes/building_blocks/mossy_stone_bricks_from_vine":{"criteria":{"has_vine":"2025-04-13 22:39:46 -0400"},"done":true},"minecraft:recipes/misc/bordure_indented_banner_pattern":{"criteria":{"has_vines":"2025-04-13 22:39:46 -0400"},"done":true},"minecraft:recipes/building_blocks/mossy_cobblestone_from_vine":{"criteria":{"has_vine":"2025-04-13 22:39:46 -0400"},"done":true},"minecraft:recipes/brewing/cauldron":{"criteria":{"has_water_bucket":"2025-04-13 23:03:09 -0400"},"done":true},"minecraft:recipes/misc/magenta_dye_from_lilac":{"criteria":{"has_lilac":"2025-04-14 10:05:43 -0400"},"done":true},"DataVersion":4189}