{"minecraft:recipes/decorations/crafting_table":{"criteria":{"unlock_right_away":"2025-04-17 18:38:57 -0400"},"done":true},"minecraft:adventure/adventuring_time":{"criteria":{"minecraft:plains":"2025-04-17 18:38:58 -0400"},"done":false},"minecraft:recipes/transportation/dark_oak_chest_boat":{"criteria":{"has_boat":"2025-04-17 18:57:54 -0400"},"done":true},"minecraft:recipes/transportation/bamboo_chest_raft":{"criteria":{"has_boat":"2025-04-17 18:57:54 -0400"},"done":true},"minecraft:recipes/transportation/spruce_chest_boat":{"criteria":{"has_boat":"2025-04-17 18:57:54 -0400"},"done":true},"minecraft:recipes/transportation/pale_oak_chest_boat":{"criteria":{"has_boat":"2025-04-17 18:57:54 -0400"},"done":true},"minecraft:recipes/transportation/jungle_chest_boat":{"criteria":{"has_boat":"2025-04-17 18:57:54 -0400"},"done":true},"minecraft:recipes/transportation/acacia_chest_boat":{"criteria":{"has_boat":"2025-04-17 18:57:54 -0400"},"done":true},"minecraft:recipes/transportation/mangrove_chest_boat":{"criteria":{"has_boat":"2025-04-17 18:57:54 -0400"},"done":true},"minecraft:recipes/transportation/oak_chest_boat":{"criteria":{"has_boat":"2025-04-17 18:57:54 -0400"},"done":true},"minecraft:recipes/transportation/cherry_chest_boat":{"criteria":{"has_boat":"2025-04-17 18:57:54 -0400"},"done":true},"minecraft:recipes/transportation/birch_chest_boat":{"criteria":{"has_boat":"2025-04-17 18:57:54 -0400"},"done":true},"minecraft:recipes/decorations/composter":{"criteria":{"has_wood_slab":"2025-04-17 18:58:29 -0400"},"done":true},"minecraft:recipes/decorations/barrel":{"criteria":{"has_wood_slab":"2025-04-17 18:58:29 -0400"},"done":true},"minecraft:recipes/redstone/lever":{"criteria":{"has_cobblestone":"2025-04-17 18:58:33 -0400"},"done":true},"minecraft:recipes/decorations/red_shulker_box":{"criteria":{"has_shulker_box":"2025-04-17 18:58:33 -0400"},"done":true},"minecraft:recipes/decorations/yellow_shulker_box":{"criteria":{"has_shulker_box":"2025-04-17 18:58:33 -0400"},"done":true},"minecraft:recipes/decorations/gray_shulker_box":{"criteria":{"has_shulker_box":"2025-04-17 18:58:33 -0400"},"done":true},"minecraft:recipes/decorations/lime_shulker_box":{"criteria":{"has_shulker_box":"2025-04-17 18:58:33 -0400"},"done":true},"minecraft:recipes/combat/stone_sword":{"criteria":{"has_cobblestone":"2025-04-17 18:58:33 -0400"},"done":true},"minecraft:recipes/decorations/cobblestone_wall":{"criteria":{"has_cobblestone":"2025-04-17 18:58:33 -0400"},"done":true},"minecraft:recipes/tools/stone_pickaxe":{"criteria":{"has_cobblestone":"2025-04-17 18:58:33 -0400"},"done":true},"minecraft:recipes/decorations/purple_shulker_box":{"criteria":{"has_shulker_box":"2025-04-17 18:58:33 -0400"},"done":true},"minecraft:recipes/tools/stone_axe":{"criteria":{"has_cobblestone":"2025-04-17 18:58:33 -0400"},"done":true},"minecraft:recipes/decorations/pink_shulker_box":{"criteria":{"has_shulker_box":"2025-04-17 18:58:33 -0400"},"done":true},"minecraft:story/mine_stone":{"criteria":{"get_stone":"2025-04-17 18:58:33 -0400"},"done":true},"minecraft:recipes/decorations/furnace":{"criteria":{"has_cobblestone":"2025-04-17 18:58:33 -0400"},"done":true},"minecraft:recipes/decorations/cyan_shulker_box":{"criteria":{"has_shulker_box":"2025-04-17 18:58:33 -0400"},"done":true},"minecraft:recipes/decorations/white_shulker_box":{"criteria":{"has_shulker_box":"2025-04-17 18:58:33 -0400"},"done":true},"minecraft:recipes/decorations/green_shulker_box":{"criteria":{"has_shulker_box":"2025-04-17 18:58:33 -0400"},"done":true},"minecraft:recipes/building_blocks/cobblestone_slab":{"criteria":{"has_cobblestone":"2025-04-17 18:58:33 -0400"},"done":true},"minecraft:recipes/building_blocks/cobblestone_slab_from_cobblestone_stonecutting":{"criteria":{"has_cobblestone":"2025-04-17 18:58:33 -0400"},"done":true},"minecraft:recipes/decorations/brown_shulker_box":{"criteria":{"has_shulker_box":"2025-04-17 18:58:33 -0400"},"done":true},"minecraft:recipes/decorations/light_blue_shulker_box":{"criteria":{"has_shulker_box":"2025-04-17 18:58:33 -0400"},"done":true},"minecraft:recipes/building_blocks/stone":{"criteria":{"has_cobblestone":"2025-04-17 18:58:33 -0400"},"done":true},"minecraft:recipes/decorations/cobblestone_wall_from_cobblestone_stonecutting":{"criteria":{"has_cobblestone":"2025-04-17 18:58:33 -0400"},"done":true},"minecraft:recipes/decorations/magenta_shulker_box":{"criteria":{"has_shulker_box":"2025-04-17 18:58:33 -0400"},"done":true},"minecraft:recipes/building_blocks/cobblestone_stairs_from_cobblestone_stonecutting":{"criteria":{"has_cobblestone":"2025-04-17 18:58:33 -0400"},"done":true},"minecraft:recipes/decorations/light_gray_shulker_box":{"criteria":{"has_shulker_box":"2025-04-17 18:58:33 -0400"},"done":true},"minecraft:recipes/building_blocks/cobblestone_stairs":{"criteria":{"has_cobblestone":"2025-04-17 18:58:33 -0400"},"done":true},"minecraft:recipes/tools/stone_hoe":{"criteria":{"has_cobblestone":"2025-04-17 18:58:33 -0400"},"done":true},"minecraft:recipes/decorations/blue_shulker_box":{"criteria":{"has_shulker_box":"2025-04-17 18:58:33 -0400"},"done":true},"minecraft:recipes/decorations/orange_shulker_box":{"criteria":{"has_shulker_box":"2025-04-17 18:58:33 -0400"},"done":true},"minecraft:recipes/tools/stone_shovel":{"criteria":{"has_cobblestone":"2025-04-17 18:58:33 -0400"},"done":true},"minecraft:recipes/decorations/black_shulker_box":{"criteria":{"has_shulker_box":"2025-04-17 18:58:33 -0400"},"done":true},"minecraft:recipes/decorations/ladder":{"criteria":{"has_stick":"2025-04-17 19:27:00 -0400"},"done":true},"minecraft:recipes/decorations/campfire":{"criteria":{"has_stick":"2025-04-17 19:27:00 -0400"},"done":true},"minecraft:recipes/tools/wooden_hoe":{"criteria":{"has_stick":"2025-04-17 19:27:00 -0400"},"done":true},"minecraft:recipes/tools/wooden_pickaxe":{"criteria":{"has_stick":"2025-04-17 19:27:00 -0400"},"done":true},"minecraft:recipes/tools/wooden_axe":{"criteria":{"has_stick":"2025-04-17 19:27:00 -0400"},"done":true},"minecraft:recipes/tools/wooden_shovel":{"criteria":{"has_stick":"2025-04-17 19:27:00 -0400"},"done":true},"minecraft:recipes/combat/wooden_sword":{"criteria":{"has_stick":"2025-04-17 19:27:00 -0400"},"done":true},"minecraft:recipes/food/cake":{"criteria":{"has_egg":"2025-04-17 19:44:40 -0400"},"done":true},"minecraft:recipes/decorations/snow":{"criteria":{"has_snowball":"2025-04-17 19:44:41 -0400"},"done":true},"minecraft:recipes/decorations/chest":{"criteria":{"has_lots_of_items":"2025-04-17 19:44:41 -0400"},"done":true},"minecraft:recipes/building_blocks/snow_block":{"criteria":{"has_snowball":"2025-04-17 19:44:41 -0400"},"done":true},"minecraft:recipes/combat/arrow":{"criteria":{"has_feather":"2025-04-17 19:44:55 -0400"},"done":true},"minecraft:recipes/misc/charcoal":{"criteria":{"has_log":"2025-04-17 20:31:51 -0400"},"done":true},"minecraft:recipes/building_blocks/cherry_planks":{"criteria":{"has_log":"2025-04-17 20:31:51 -0400"},"done":true},"minecraft:recipes/building_blocks/cherry_wood":{"criteria":{"has_log":"2025-04-17 20:31:51 -0400"},"done":true},"minecraft:adventure/root":{"criteria":{"killed_something":"2025-04-18 01:11:20 -0400"},"done":true},"minecraft:recipes/tools/flint_and_steel":{"criteria":{"has_obsidian":"2025-04-18 01:19:16 -0400"},"done":true},"minecraft:story/form_obsidian":{"criteria":{"obsidian":"2025-04-18 01:19:16 -0400"},"done":true},"minecraft:recipes/decorations/enchanting_table":{"criteria":{"has_obsidian":"2025-04-18 01:19:16 -0400"},"done":true},"DataVersion":4189}