{"minecraft:recipes/decorations/crafting_table":{"criteria":{"unlock_right_away":"2025-02-26 00:16:39 -0500"},"done":true},"minecraft:adventure/adventuring_time":{"criteria":{"minecraft:plains":"2025-02-26 00:16:40 -0500"},"done":false},"minecraft:adventure/root":{"criteria":{"killed_by_something":"2025-02-26 12:39:24 -0500"},"done":true},"minecraft:recipes/decorations/light_gray_bed":{"criteria":{"has_light_gray_wool":"2025-02-26 12:48:32 -0500"},"done":true},"minecraft:recipes/decorations/painting":{"criteria":{"has_wool":"2025-02-26 12:48:32 -0500"},"done":true},"minecraft:recipes/decorations/light_gray_banner":{"criteria":{"has_light_gray_wool":"2025-02-26 12:48:32 -0500"},"done":true},"minecraft:recipes/decorations/light_gray_carpet":{"criteria":{"has_light_gray_wool":"2025-02-26 12:48:32 -0500"},"done":true},"minecraft:recipes/decorations/pink_bed":{"criteria":{"has_pink_wool":"2025-02-26 12:48:39 -0500"},"done":true},"minecraft:recipes/decorations/pink_carpet":{"criteria":{"has_pink_wool":"2025-02-26 12:48:39 -0500"},"done":true},"minecraft:recipes/decorations/pink_banner":{"criteria":{"has_pink_wool":"2025-02-26 12:48:39 -0500"},"done":true},"minecraft:recipes/decorations/red_carpet":{"criteria":{"has_red_wool":"2025-02-26 12:48:54 -0500"},"done":true},"minecraft:recipes/decorations/red_banner":{"criteria":{"has_red_wool":"2025-02-26 12:48:54 -0500"},"done":true},"minecraft:recipes/decorations/red_bed":{"criteria":{"has_red_wool":"2025-02-26 12:48:54 -0500"},"done":true},"minecraft:recipes/decorations/white_banner":{"criteria":{"has_white_wool":"2025-02-26 12:48:57 -0500"},"done":true},"minecraft:recipes/decorations/white_bed":{"criteria":{"has_white_wool":"2025-02-26 12:48:57 -0500"},"done":true},"minecraft:recipes/decorations/white_carpet":{"criteria":{"has_white_wool":"2025-02-26 12:48:57 -0500"},"done":true},"minecraft:recipes/building_blocks/lime_concrete_powder":{"criteria":{"has_sand":"2025-02-26 12:49:05 -0500"},"done":true},"minecraft:recipes/building_blocks/light_gray_concrete_powder":{"criteria":{"has_sand":"2025-02-26 12:49:05 -0500"},"done":true},"minecraft:recipes/building_blocks/pink_concrete_powder":{"criteria":{"has_sand":"2025-02-26 12:49:05 -0500"},"done":true},"minecraft:recipes/building_blocks/orange_concrete_powder":{"criteria":{"has_sand":"2025-02-26 12:49:05 -0500"},"done":true},"minecraft:recipes/building_blocks/red_concrete_powder":{"criteria":{"has_sand":"2025-02-26 12:49:05 -0500"},"done":true},"minecraft:recipes/building_blocks/magenta_concrete_powder":{"criteria":{"has_sand":"2025-02-26 12:49:05 -0500"},"done":true},"minecraft:recipes/building_blocks/brown_concrete_powder":{"criteria":{"has_sand":"2025-02-26 12:49:05 -0500"},"done":true},"minecraft:recipes/building_blocks/light_blue_concrete_powder":{"criteria":{"has_sand":"2025-02-26 12:49:05 -0500"},"done":true},"minecraft:recipes/building_blocks/glass":{"criteria":{"has_smelts_to_glass":"2025-02-26 12:49:05 -0500"},"done":true},"minecraft:recipes/building_blocks/green_concrete_powder":{"criteria":{"has_sand":"2025-02-26 12:49:05 -0500"},"done":true},"minecraft:recipes/building_blocks/blue_concrete_powder":{"criteria":{"has_sand":"2025-02-26 12:49:05 -0500"},"done":true},"minecraft:recipes/building_blocks/yellow_concrete_powder":{"criteria":{"has_sand":"2025-02-26 12:49:05 -0500"},"done":true},"minecraft:recipes/building_blocks/sandstone":{"criteria":{"has_sand":"2025-02-26 12:49:05 -0500"},"done":true},"minecraft:recipes/building_blocks/white_concrete_powder":{"criteria":{"has_sand":"2025-02-26 12:49:05 -0500"},"done":true},"minecraft:recipes/building_blocks/gray_concrete_powder":{"criteria":{"has_sand":"2025-02-26 12:49:05 -0500"},"done":true},"minecraft:recipes/building_blocks/black_concrete_powder":{"criteria":{"has_sand":"2025-02-26 12:49:05 -0500"},"done":true},"minecraft:recipes/building_blocks/purple_concrete_powder":{"criteria":{"has_sand":"2025-02-26 12:49:05 -0500"},"done":true},"minecraft:recipes/building_blocks/cyan_concrete_powder":{"criteria":{"has_sand":"2025-02-26 12:49:05 -0500"},"done":true},"minecraft:recipes/building_blocks/sandstone_stairs":{"criteria":{"has_sandstone":"2025-02-26 12:49:08 -0500"},"done":true},"minecraft:recipes/building_blocks/sandstone_slab":{"criteria":{"has_sandstone":"2025-02-26 12:49:08 -0500"},"done":true},"minecraft:recipes/building_blocks/cut_sandstone_from_sandstone_stonecutting":{"criteria":{"has_sandstone":"2025-02-26 12:49:08 -0500"},"done":true},"minecraft:recipes/building_blocks/chiseled_sandstone_from_sandstone_stonecutting":{"criteria":{"has_sandstone":"2025-02-26 12:49:08 -0500"},"done":true},"minecraft:recipes/building_blocks/smooth_sandstone":{"criteria":{"has_sandstone":"2025-02-26 12:49:08 -0500"},"done":true},"minecraft:recipes/decorations/sandstone_wall_from_sandstone_stonecutting":{"criteria":{"has_sandstone":"2025-02-26 12:49:08 -0500"},"done":true},"minecraft:recipes/building_blocks/cut_sandstone_slab_from_sandstone_stonecutting":{"criteria":{"has_sandstone":"2025-02-26 12:49:08 -0500"},"done":true},"minecraft:recipes/building_blocks/cut_sandstone":{"criteria":{"has_sandstone":"2025-02-26 12:49:08 -0500"},"done":true},"minecraft:recipes/building_blocks/sandstone_slab_from_sandstone_stonecutting":{"criteria":{"has_sandstone":"2025-02-26 12:49:08 -0500"},"done":true},"minecraft:recipes/building_blocks/sandstone_stairs_from_sandstone_stonecutting":{"criteria":{"has_sandstone":"2025-02-26 12:49:08 -0500"},"done":true},"minecraft:recipes/decorations/sandstone_wall":{"criteria":{"has_sandstone":"2025-02-26 12:49:08 -0500"},"done":true},"minecraft:recipes/building_blocks/andesite_stairs_from_andesite_stonecutting":{"criteria":{"has_andesite":"2025-02-26 12:50:28 -0500"},"done":true},"minecraft:recipes/building_blocks/andesite_stairs":{"criteria":{"has_andesite":"2025-02-26 12:50:28 -0500"},"done":true},"minecraft:recipes/building_blocks/polished_andesite_from_andesite_stonecutting":{"criteria":{"has_andesite":"2025-02-26 12:50:28 -0500"},"done":true},"minecraft:recipes/building_blocks/polished_andesite":{"criteria":{"has_andesite":"2025-02-26 12:50:28 -0500"},"done":true},"minecraft:recipes/decorations/andesite_wall_from_andesite_stonecutting":{"criteria":{"has_andesite":"2025-02-26 12:50:28 -0500"},"done":true},"minecraft:recipes/building_blocks/polished_andesite_slab_from_andesite_stonecutting":{"criteria":{"has_andesite":"2025-02-26 12:50:28 -0500"},"done":true},"minecraft:recipes/decorations/andesite_wall":{"criteria":{"has_andesite":"2025-02-26 12:50:28 -0500"},"done":true},"minecraft:recipes/building_blocks/andesite_slab":{"criteria":{"has_andesite":"2025-02-26 12:50:28 -0500"},"done":true},"minecraft:recipes/building_blocks/polished_andesite_stairs_from_andesite_stonecutting":{"criteria":{"has_andesite":"2025-02-26 12:50:28 -0500"},"done":true},"minecraft:recipes/building_blocks/andesite_slab_from_andesite_stonecutting":{"criteria":{"has_andesite":"2025-02-26 12:50:28 -0500"},"done":true},"minecraft:recipes/decorations/black_bed":{"criteria":{"has_black_wool":"2025-02-26 12:53:30 -0500"},"done":true},"minecraft:recipes/decorations/black_carpet":{"criteria":{"has_black_wool":"2025-02-26 12:53:30 -0500"},"done":true},"minecraft:recipes/decorations/black_banner":{"criteria":{"has_black_wool":"2025-02-26 12:53:30 -0500"},"done":true},"minecraft:recipes/building_blocks/stone_bricks":{"criteria":{"has_stone":"2025-02-26 13:40:42 -0500"},"done":true},"minecraft:recipes/building_blocks/stone_brick_slab_from_stone_stonecutting":{"criteria":{"has_stone":"2025-02-26 13:40:42 -0500"},"done":true},"minecraft:recipes/building_blocks/stone_brick_stairs_from_stone_stonecutting":{"criteria":{"has_stone":"2025-02-26 13:40:42 -0500"},"done":true},"minecraft:recipes/building_blocks/stone_slab_from_stone_stonecutting":{"criteria":{"has_stone":"2025-02-26 13:40:42 -0500"},"done":true},"minecraft:recipes/building_blocks/stone_bricks_from_stone_stonecutting":{"criteria":{"has_stone":"2025-02-26 13:40:42 -0500"},"done":true},"minecraft:recipes/building_blocks/stone_slab":{"criteria":{"has_stone":"2025-02-26 13:40:42 -0500"},"done":true},"minecraft:recipes/building_blocks/chiseled_stone_bricks_stone_from_stonecutting":{"criteria":{"has_stone":"2025-02-26 13:40:42 -0500"},"done":true},"minecraft:recipes/building_blocks/stone_stairs_from_stone_stonecutting":{"criteria":{"has_stone":"2025-02-26 13:40:42 -0500"},"done":true},"minecraft:recipes/redstone/stone_button":{"criteria":{"has_stone":"2025-02-26 13:40:42 -0500"},"done":true},"minecraft:recipes/decorations/stonecutter":{"criteria":{"has_stone":"2025-02-26 13:40:42 -0500"},"done":true},"minecraft:recipes/redstone/stone_pressure_plate":{"criteria":{"has_stone":"2025-02-26 13:40:42 -0500"},"done":true},"minecraft:recipes/building_blocks/smooth_stone":{"criteria":{"has_stone":"2025-02-26 13:40:42 -0500"},"done":true},"minecraft:recipes/decorations/stone_brick_walls_from_stone_stonecutting":{"criteria":{"has_stone":"2025-02-26 13:40:42 -0500"},"done":true},"minecraft:recipes/building_blocks/stone_stairs":{"criteria":{"has_stone":"2025-02-26 13:40:42 -0500"},"done":true},"minecraft:recipes/decorations/chest":{"criteria":{"has_lots_of_items":"2025-02-26 13:43:18 -0500"},"done":true},"minecraft:recipes/misc/iron_nugget_from_smelting":{"criteria":{"has_iron_axe":"2025-02-26 21:32:49 -0500"},"done":true},"minecraft:recipes/misc/iron_nugget_from_blasting":{"criteria":{"has_iron_axe":"2025-02-26 21:32:49 -0500"},"done":true},"minecraft:recipes/combat/leather_helmet":{"criteria":{"has_leather":"2025-02-27 15:15:46 -0500"},"done":true},"minecraft:recipes/combat/leather_leggings":{"criteria":{"has_leather":"2025-02-27 15:15:46 -0500"},"done":true},"minecraft:recipes/decorations/item_frame":{"criteria":{"has_leather":"2025-02-27 15:15:46 -0500"},"done":true},"minecraft:recipes/combat/leather_chestplate":{"criteria":{"has_leather":"2025-02-27 15:15:46 -0500"},"done":true},"minecraft:recipes/combat/leather_boots":{"criteria":{"has_leather":"2025-02-27 15:15:46 -0500"},"done":true},"minecraft:recipes/misc/leather_horse_armor":{"criteria":{"has_leather":"2025-02-27 15:15:46 -0500"},"done":true},"minecraft:recipes/food/cooked_chicken_from_campfire_cooking":{"criteria":{"has_chicken":"2025-02-27 15:15:56 -0500"},"done":true},"minecraft:recipes/food/cooked_chicken":{"criteria":{"has_chicken":"2025-02-27 15:15:56 -0500"},"done":true},"minecraft:recipes/food/cooked_chicken_from_smoking":{"criteria":{"has_chicken":"2025-02-27 15:15:56 -0500"},"done":true},"minecraft:recipes/food/cooked_mutton_from_smoking":{"criteria":{"has_mutton":"2025-02-27 15:16:01 -0500"},"done":true},"minecraft:recipes/food/cooked_mutton":{"criteria":{"has_mutton":"2025-02-27 15:16:01 -0500"},"done":true},"minecraft:recipes/food/cooked_mutton_from_campfire_cooking":{"criteria":{"has_mutton":"2025-02-27 15:16:01 -0500"},"done":true},"minecraft:recipes/food/cooked_beef_from_smoking":{"criteria":{"has_beef":"2025-02-27 15:16:04 -0500"},"done":true},"minecraft:recipes/food/cooked_beef":{"criteria":{"has_beef":"2025-02-27 15:16:04 -0500"},"done":true},"minecraft:recipes/food/cooked_beef_from_campfire_cooking":{"criteria":{"has_beef":"2025-02-27 15:16:04 -0500"},"done":true},"minecraft:recipes/combat/arrow":{"criteria":{"has_feather":"2025-02-27 15:16:09 -0500"},"done":true},"minecraft:recipes/misc/coal":{"criteria":{"has_coal_block":"2025-03-02 21:40:19 -0500"},"done":true},"minecraft:recipes/building_blocks/blackstone_stairs":{"criteria":{"has_blackstone":"2025-03-02 21:40:46 -0500"},"done":true},"minecraft:recipes/building_blocks/blackstone_slab_from_blackstone_stonecutting":{"criteria":{"has_blackstone":"2025-03-02 21:40:46 -0500"},"done":true},"minecraft:recipes/decorations/polished_blackstone_brick_wall_from_blackstone_stonecutting":{"criteria":{"has_blackstone":"2025-03-02 21:40:46 -0500"},"done":true},"minecraft:recipes/building_blocks/polished_blackstone_slab_from_blackstone_stonecutting":{"criteria":{"has_blackstone":"2025-03-02 21:40:46 -0500"},"done":true},"minecraft:recipes/combat/stone_sword":{"criteria":{"has_cobblestone":"2025-03-02 21:40:46 -0500"},"done":true},"minecraft:recipes/tools/stone_pickaxe":{"criteria":{"has_cobblestone":"2025-03-02 21:40:46 -0500"},"done":true},"minecraft:recipes/tools/stone_axe":{"criteria":{"has_cobblestone":"2025-03-02 21:40:46 -0500"},"done":true},"minecraft:story/mine_stone":{"criteria":{"get_stone":"2025-03-02 21:40:46 -0500"},"done":true},"minecraft:recipes/decorations/furnace":{"criteria":{"has_cobblestone":"2025-03-02 21:40:46 -0500"},"done":true},"minecraft:recipes/building_blocks/polished_blackstone":{"criteria":{"has_blackstone":"2025-03-02 21:40:46 -0500"},"done":true},"minecraft:recipes/decorations/blackstone_wall":{"criteria":{"has_blackstone":"2025-03-02 21:40:46 -0500"},"done":true},"minecraft:recipes/building_blocks/blackstone_slab":{"criteria":{"has_blackstone":"2025-03-02 21:40:46 -0500"},"done":true},"minecraft:recipes/building_blocks/polished_blackstone_brick_slab_from_blackstone_stonecutting":{"criteria":{"has_blackstone":"2025-03-02 21:40:46 -0500"},"done":true},"minecraft:recipes/building_blocks/polished_blackstone_from_blackstone_stonecutting":{"criteria":{"has_blackstone":"2025-03-02 21:40:46 -0500"},"done":true},"minecraft:recipes/building_blocks/polished_blackstone_brick_stairs_from_blackstone_stonecutting":{"criteria":{"has_blackstone":"2025-03-02 21:40:46 -0500"},"done":true},"minecraft:recipes/building_blocks/polished_blackstone_bricks_from_blackstone_stonecutting":{"criteria":{"has_blackstone":"2025-03-02 21:40:46 -0500"},"done":true},"minecraft:recipes/decorations/blackstone_wall_from_blackstone_stonecutting":{"criteria":{"has_blackstone":"2025-03-02 21:40:46 -0500"},"done":true},"minecraft:recipes/building_blocks/polished_blackstone_stairs_from_blackstone_stonecutting":{"criteria":{"has_blackstone":"2025-03-02 21:40:46 -0500"},"done":true},"minecraft:recipes/tools/stone_hoe":{"criteria":{"has_cobblestone":"2025-03-02 21:40:46 -0500"},"done":true},"minecraft:recipes/tools/stone_shovel":{"criteria":{"has_cobblestone":"2025-03-02 21:40:46 -0500"},"done":true},"minecraft:recipes/decorations/polished_blackstone_wall_from_blackstone_stonecutting":{"criteria":{"has_blackstone":"2025-03-02 21:40:46 -0500"},"done":true},"minecraft:recipes/building_blocks/chiseled_polished_blackstone_from_blackstone_stonecutting":{"criteria":{"has_blackstone":"2025-03-02 21:40:46 -0500"},"done":true},"minecraft:recipes/building_blocks/blackstone_stairs_from_blackstone_stonecutting":{"criteria":{"has_blackstone":"2025-03-02 21:40:46 -0500"},"done":true},"minecraft:recipes/redstone/repeater":{"criteria":{"has_redstone_torch":"2025-03-02 22:05:39 -0500"},"done":true},"minecraft:recipes/building_blocks/red_stained_glass":{"criteria":{"has_glass":"2025-03-03 17:41:10 -0500"},"done":true},"minecraft:recipes/building_blocks/light_blue_stained_glass":{"criteria":{"has_glass":"2025-03-03 17:41:10 -0500"},"done":true},"minecraft:recipes/brewing/glass_bottle":{"criteria":{"has_glass":"2025-03-03 17:41:10 -0500"},"done":true},"minecraft:recipes/building_blocks/green_stained_glass":{"criteria":{"has_glass":"2025-03-03 17:41:10 -0500"},"done":true},"minecraft:recipes/building_blocks/brown_stained_glass":{"criteria":{"has_glass":"2025-03-03 17:41:10 -0500"},"done":true},"minecraft:recipes/building_blocks/light_gray_stained_glass":{"criteria":{"has_glass":"2025-03-03 17:41:10 -0500"},"done":true},"minecraft:recipes/building_blocks/blue_stained_glass":{"criteria":{"has_glass":"2025-03-03 17:41:10 -0500"},"done":true},"minecraft:recipes/building_blocks/orange_stained_glass":{"criteria":{"has_glass":"2025-03-03 17:41:10 -0500"},"done":true},"minecraft:recipes/building_blocks/cyan_stained_glass":{"criteria":{"has_glass":"2025-03-03 17:41:10 -0500"},"done":true},"minecraft:recipes/building_blocks/pink_stained_glass":{"criteria":{"has_glass":"2025-03-03 17:41:10 -0500"},"done":true},"minecraft:recipes/building_blocks/black_stained_glass":{"criteria":{"has_glass":"2025-03-03 17:41:10 -0500"},"done":true},"minecraft:recipes/building_blocks/gray_stained_glass":{"criteria":{"has_glass":"2025-03-03 17:41:10 -0500"},"done":true},"minecraft:recipes/building_blocks/purple_stained_glass":{"criteria":{"has_glass":"2025-03-03 17:41:10 -0500"},"done":true},"minecraft:recipes/building_blocks/yellow_stained_glass":{"criteria":{"has_glass":"2025-03-03 17:41:10 -0500"},"done":true},"minecraft:recipes/building_blocks/lime_stained_glass":{"criteria":{"has_glass":"2025-03-03 17:41:10 -0500"},"done":true},"minecraft:recipes/decorations/glass_pane":{"criteria":{"has_glass":"2025-03-03 17:41:10 -0500"},"done":true},"minecraft:recipes/building_blocks/magenta_stained_glass":{"criteria":{"has_glass":"2025-03-03 17:41:10 -0500"},"done":true},"minecraft:recipes/building_blocks/white_stained_glass":{"criteria":{"has_glass":"2025-03-03 17:41:10 -0500"},"done":true},"minecraft:recipes/decorations/lime_stained_glass_pane_from_glass_pane":{"criteria":{"has_glass_pane":"2025-03-03 17:41:22 -0500"},"done":true},"minecraft:recipes/decorations/purple_stained_glass_pane_from_glass_pane":{"criteria":{"has_glass_pane":"2025-03-03 17:41:22 -0500"},"done":true},"minecraft:recipes/decorations/blue_stained_glass_pane_from_glass_pane":{"criteria":{"has_glass_pane":"2025-03-03 17:41:22 -0500"},"done":true},"minecraft:recipes/decorations/black_stained_glass_pane_from_glass_pane":{"criteria":{"has_glass_pane":"2025-03-03 17:41:22 -0500"},"done":true},"minecraft:recipes/decorations/light_gray_stained_glass_pane_from_glass_pane":{"criteria":{"has_glass_pane":"2025-03-03 17:41:22 -0500"},"done":true},"minecraft:recipes/decorations/yellow_stained_glass_pane_from_glass_pane":{"criteria":{"has_glass_pane":"2025-03-03 17:41:22 -0500"},"done":true},"minecraft:recipes/decorations/brown_stained_glass_pane_from_glass_pane":{"criteria":{"has_glass_pane":"2025-03-03 17:41:22 -0500"},"done":true},"minecraft:recipes/decorations/red_stained_glass_pane_from_glass_pane":{"criteria":{"has_glass_pane":"2025-03-03 17:41:22 -0500"},"done":true},"minecraft:recipes/decorations/magenta_stained_glass_pane_from_glass_pane":{"criteria":{"has_glass_pane":"2025-03-03 17:41:22 -0500"},"done":true},"minecraft:recipes/decorations/cyan_stained_glass_pane_from_glass_pane":{"criteria":{"has_glass_pane":"2025-03-03 17:41:22 -0500"},"done":true},"minecraft:recipes/decorations/orange_stained_glass_pane_from_glass_pane":{"criteria":{"has_glass_pane":"2025-03-03 17:41:22 -0500"},"done":true},"minecraft:recipes/decorations/light_blue_stained_glass_pane_from_glass_pane":{"criteria":{"has_glass_pane":"2025-03-03 17:41:22 -0500"},"done":true},"minecraft:recipes/decorations/green_stained_glass_pane_from_glass_pane":{"criteria":{"has_glass_pane":"2025-03-03 17:41:22 -0500"},"done":true},"minecraft:recipes/decorations/pink_stained_glass_pane_from_glass_pane":{"criteria":{"has_glass_pane":"2025-03-03 17:41:22 -0500"},"done":true},"minecraft:recipes/decorations/white_stained_glass_pane_from_glass_pane":{"criteria":{"has_glass_pane":"2025-03-03 17:41:22 -0500"},"done":true},"minecraft:recipes/decorations/gray_stained_glass_pane_from_glass_pane":{"criteria":{"has_glass_pane":"2025-03-03 17:41:22 -0500"},"done":true},"minecraft:recipes/decorations/pink_stained_glass_pane":{"criteria":{"has_glass":"2025-03-03 17:45:25 -0500"},"done":true},"minecraft:recipes/misc/gold_nugget_from_smelting":{"criteria":{"has_golden_axe":"2025-03-03 17:52:17 -0500"},"done":true},"minecraft:recipes/misc/gold_nugget_from_blasting":{"criteria":{"has_golden_axe":"2025-03-03 17:52:17 -0500"},"done":true},"minecraft:husbandry/obtain_netherite_hoe":{"criteria":{"netherite_hoe":"2025-03-03 17:52:28 -0500"},"done":true},"minecraft:recipes/transportation/detector_rail":{"criteria":{"has_rail":"2025-03-03 18:25:07 -0500"},"done":true},"minecraft:recipes/transportation/activator_rail":{"criteria":{"has_rail":"2025-03-03 18:25:07 -0500"},"done":true},"minecraft:recipes/transportation/powered_rail":{"criteria":{"has_rail":"2025-03-03 18:25:07 -0500"},"done":true},"minecraft:recipes/transportation/mangrove_boat":{"criteria":{"in_water":"2025-03-03 18:30:35 -0500"},"done":true},"minecraft:recipes/transportation/acacia_boat":{"criteria":{"in_water":"2025-03-03 18:30:35 -0500"},"done":true},"minecraft:recipes/transportation/cherry_boat":{"criteria":{"in_water":"2025-03-03 18:30:35 -0500"},"done":true},"minecraft:recipes/transportation/pale_oak_boat":{"criteria":{"in_water":"2025-03-03 18:30:35 -0500"},"done":true},"minecraft:recipes/transportation/bamboo_raft":{"criteria":{"in_water":"2025-03-03 18:30:35 -0500"},"done":true},"minecraft:recipes/transportation/spruce_boat":{"criteria":{"in_water":"2025-03-03 18:30:35 -0500"},"done":true},"minecraft:recipes/transportation/birch_boat":{"criteria":{"in_water":"2025-03-03 18:30:35 -0500"},"done":true},"minecraft:recipes/transportation/oak_boat":{"criteria":{"in_water":"2025-03-03 18:30:35 -0500"},"done":true},"minecraft:recipes/transportation/jungle_boat":{"criteria":{"in_water":"2025-03-03 18:30:35 -0500"},"done":true},"minecraft:recipes/transportation/dark_oak_boat":{"criteria":{"in_water":"2025-03-03 18:30:35 -0500"},"done":true},"minecraft:recipes/building_blocks/jungle_wood":{"criteria":{"has_log":"2025-03-03 19:13:15 -0500"},"done":true},"minecraft:recipes/building_blocks/jungle_planks":{"criteria":{"has_logs":"2025-03-03 19:13:15 -0500"},"done":true},"minecraft:recipes/misc/charcoal":{"criteria":{"has_log":"2025-03-03 19:13:15 -0500"},"done":true},"minecraft:recipes/misc/green_dye":{"criteria":{"has_cactus":"2025-03-03 19:41:46 -0500"},"done":true},"minecraft:recipes/food/suspicious_stew_from_torchflower":{"criteria":{"has_torchflower":"2025-03-03 19:43:58 -0500"},"done":true},"minecraft:recipes/misc/orange_dye_from_torchflower":{"criteria":{"has_torchflower":"2025-03-03 19:43:58 -0500"},"done":true},"minecraft:recipes/transportation/warped_fungus_on_a_stick":{"criteria":{"has_warped_fungus":"2025-03-17 10:06:59 -0400"},"done":true},"minecraft:recipes/brewing/cauldron":{"criteria":{"has_water_bucket":"2025-03-17 11:14:55 -0400"},"done":true},"minecraft:recipes/building_blocks/waxed_oxidized_copper_bulb_from_honeycomb":{"criteria":{"has_oxidized_copper_bulb":"2025-03-18 12:09:06 -0400"},"done":true},"minecraft:recipes/decorations/white_stained_glass_pane":{"criteria":{"has_glass":"2025-03-18 13:02:38 -0400"},"done":true},"minecraft:story/lava_bucket":{"criteria":{"lava_bucket":"2025-03-18 13:15:45 -0400"},"done":true},"minecraft:recipes/decorations/moss_carpet":{"criteria":{"has_moss_block":"2025-03-18 13:22:56 -0400"},"done":true},"minecraft:recipes/building_blocks/mossy_cobblestone_from_moss_block":{"criteria":{"has_moss_block":"2025-03-18 13:22:56 -0400"},"done":true},"minecraft:recipes/building_blocks/mossy_stone_bricks_from_moss_block":{"criteria":{"has_moss_block":"2025-03-18 13:22:56 -0400"},"done":true},"minecraft:recipes/building_blocks/waxed_weathered_copper_bulb_from_honeycomb":{"criteria":{"has_weathered_copper_bulb":"2025-03-18 13:29:55 -0400"},"done":true},"minecraft:recipes/misc/gold_ingot_from_blasting_deepslate_gold_ore":{"criteria":{"has_deepslate_gold_ore":"2025-03-24 22:17:41 -0400"},"done":true},"minecraft:recipes/misc/gold_ingot_from_smelting_deepslate_gold_ore":{"criteria":{"has_deepslate_gold_ore":"2025-03-24 22:17:41 -0400"},"done":true},"minecraft:recipes/misc/raw_gold":{"criteria":{"has_raw_gold_block":"2025-03-24 22:17:51 -0400"},"done":true},"minecraft:recipes/transportation/dark_oak_chest_boat":{"criteria":{"has_boat":"2025-03-24 22:21:50 -0400"},"done":true},"minecraft:recipes/transportation/bamboo_chest_raft":{"criteria":{"has_boat":"2025-03-24 22:21:50 -0400"},"done":true},"minecraft:recipes/transportation/spruce_chest_boat":{"criteria":{"has_boat":"2025-03-24 22:21:50 -0400"},"done":true},"minecraft:recipes/transportation/pale_oak_chest_boat":{"criteria":{"has_boat":"2025-03-24 22:21:50 -0400"},"done":true},"minecraft:recipes/transportation/jungle_chest_boat":{"criteria":{"has_boat":"2025-03-24 22:21:50 -0400"},"done":true},"minecraft:recipes/transportation/acacia_chest_boat":{"criteria":{"has_boat":"2025-03-24 22:21:50 -0400"},"done":true},"minecraft:recipes/transportation/mangrove_chest_boat":{"criteria":{"has_boat":"2025-03-24 22:21:50 -0400"},"done":true},"minecraft:recipes/transportation/oak_chest_boat":{"criteria":{"has_boat":"2025-03-24 22:21:50 -0400"},"done":true},"minecraft:recipes/transportation/cherry_chest_boat":{"criteria":{"has_boat":"2025-03-24 22:21:50 -0400"},"done":true},"minecraft:recipes/transportation/birch_chest_boat":{"criteria":{"has_boat":"2025-03-24 22:21:50 -0400"},"done":true},"minecraft:recipes/building_blocks/oak_planks":{"criteria":{"has_logs":"2025-04-14 11:38:21 -0400"},"done":true},"minecraft:recipes/decorations/gray_bed":{"criteria":{"has_gray_wool":"2025-04-14 11:41:39 -0400"},"done":true},"minecraft:recipes/decorations/gray_banner":{"criteria":{"has_gray_wool":"2025-04-14 11:41:39 -0400"},"done":true},"minecraft:recipes/decorations/gray_carpet":{"criteria":{"has_gray_wool":"2025-04-14 11:41:39 -0400"},"done":true},"minecraft:recipes/building_blocks/oak_slab":{"criteria":{"has_planks":"2025-04-14 12:29:51 -0400"},"done":true},"minecraft:recipes/decorations/oak_sign":{"criteria":{"has_planks":"2025-04-14 12:29:51 -0400"},"done":true},"minecraft:recipes/redstone/oak_trapdoor":{"criteria":{"has_planks":"2025-04-14 12:29:51 -0400"},"done":true},"minecraft:recipes/redstone/oak_fence_gate":{"criteria":{"has_planks":"2025-04-14 12:29:51 -0400"},"done":true},"minecraft:recipes/redstone/oak_pressure_plate":{"criteria":{"has_planks":"2025-04-14 12:29:51 -0400"},"done":true},"minecraft:recipes/redstone/oak_door":{"criteria":{"has_planks":"2025-04-14 12:29:51 -0400"},"done":true},"minecraft:recipes/misc/stick":{"criteria":{"has_planks":"2025-04-14 12:29:51 -0400"},"done":true},"minecraft:recipes/building_blocks/oak_stairs":{"criteria":{"has_planks":"2025-04-14 12:29:51 -0400"},"done":true},"minecraft:recipes/decorations/oak_fence":{"criteria":{"has_planks":"2025-04-14 12:29:51 -0400"},"done":true},"minecraft:recipes/decorations/barrel":{"criteria":{"has_planks":"2025-04-14 12:29:51 -0400"},"done":true},"minecraft:recipes/redstone/oak_button":{"criteria":{"has_planks":"2025-04-14 12:29:51 -0400"},"done":true},"minecraft:recipes/redstone/spruce_button":{"criteria":{"has_planks":"2025-04-14 12:30:19 -0400"},"done":true},"minecraft:recipes/redstone/spruce_pressure_plate":{"criteria":{"has_planks":"2025-04-14 12:30:19 -0400"},"done":true},"minecraft:recipes/decorations/spruce_sign":{"criteria":{"has_planks":"2025-04-14 12:30:19 -0400"},"done":true},"minecraft:recipes/redstone/spruce_trapdoor":{"criteria":{"has_planks":"2025-04-14 12:30:19 -0400"},"done":true},"minecraft:recipes/redstone/spruce_door":{"criteria":{"has_planks":"2025-04-14 12:30:19 -0400"},"done":true},"minecraft:recipes/redstone/spruce_fence_gate":{"criteria":{"has_planks":"2025-04-14 12:30:19 -0400"},"done":true},"minecraft:recipes/decorations/spruce_fence":{"criteria":{"has_planks":"2025-04-14 12:30:19 -0400"},"done":true},"minecraft:recipes/building_blocks/spruce_stairs":{"criteria":{"has_planks":"2025-04-14 12:30:19 -0400"},"done":true},"minecraft:recipes/building_blocks/spruce_slab":{"criteria":{"has_planks":"2025-04-14 12:30:19 -0400"},"done":true},"DataVersion":4189}