{"minecraft:recipes/decorations/crafting_table":{"criteria":{"unlock_right_away":"2025-02-27 21:51:18 -0500"},"done":true},"minecraft:adventure/adventuring_time":{"criteria":{"minecraft:plains":"2025-02-27 21:51:19 -0500"},"done":false},"minecraft:recipes/redstone/redstone":{"criteria":{"has_redstone_block":"2025-03-03 02:38:14 -0500"},"done":true},"minecraft:recipes/decorations/composter":{"criteria":{"has_wood_slab":"2025-03-03 14:52:11 -0500"},"done":true},"minecraft:recipes/decorations/barrel":{"criteria":{"has_wood_slab":"2025-03-03 14:52:11 -0500"},"done":true},"minecraft:recipes/redstone/redstone_lamp":{"criteria":{"has_glowstone":"2025-03-03 15:55:04 -0500"},"done":true},"minecraft:recipes/decorations/chest":{"criteria":{"has_lots_of_items":"2025-03-03 15:55:08 -0500"},"done":true},"minecraft:recipes/transportation/mangrove_boat":{"criteria":{"in_water":"2025-03-03 16:14:21 -0500"},"done":true},"minecraft:recipes/transportation/acacia_boat":{"criteria":{"in_water":"2025-03-03 16:14:21 -0500"},"done":true},"minecraft:recipes/transportation/cherry_boat":{"criteria":{"in_water":"2025-03-03 16:14:21 -0500"},"done":true},"minecraft:recipes/transportation/pale_oak_boat":{"criteria":{"in_water":"2025-03-03 16:14:21 -0500"},"done":true},"minecraft:recipes/transportation/bamboo_raft":{"criteria":{"in_water":"2025-03-03 16:14:21 -0500"},"done":true},"minecraft:recipes/transportation/spruce_boat":{"criteria":{"in_water":"2025-03-03 16:14:21 -0500"},"done":true},"minecraft:recipes/transportation/birch_boat":{"criteria":{"in_water":"2025-03-03 16:14:21 -0500"},"done":true},"minecraft:recipes/transportation/oak_boat":{"criteria":{"in_water":"2025-03-03 16:14:21 -0500"},"done":true},"minecraft:recipes/transportation/jungle_boat":{"criteria":{"in_water":"2025-03-03 16:14:21 -0500"},"done":true},"minecraft:recipes/transportation/dark_oak_boat":{"criteria":{"in_water":"2025-03-03 16:14:21 -0500"},"done":true},"minecraft:recipes/brewing/cauldron":{"criteria":{"has_water_bucket":"2025-03-03 16:15:09 -0500"},"done":true},"minecraft:husbandry/tame_an_animal":{"criteria":{"tamed_animal":"2025-03-03 16:27:57 -0500"},"done":true},"minecraft:recipes/misc/white_dye":{"criteria":{"has_bone_meal":"2025-03-17 00:06:29 -0400"},"done":true},"minecraft:recipes/building_blocks/bone_block":{"criteria":{"has_bone_meal":"2025-03-17 00:06:29 -0400"},"done":true},"minecraft:recipes/decorations/blue_stained_glass_pane":{"criteria":{"has_glass":"2025-03-17 04:56:22 -0400"},"done":true},"minecraft:recipes/building_blocks/stone_bricks":{"criteria":{"has_stone":"2025-03-17 05:24:36 -0400"},"done":true},"minecraft:recipes/building_blocks/stone_brick_slab_from_stone_stonecutting":{"criteria":{"has_stone":"2025-03-17 05:24:36 -0400"},"done":true},"minecraft:recipes/building_blocks/stone_brick_stairs_from_stone_stonecutting":{"criteria":{"has_stone":"2025-03-17 05:24:36 -0400"},"done":true},"minecraft:recipes/building_blocks/stone_slab_from_stone_stonecutting":{"criteria":{"has_stone":"2025-03-17 05:24:36 -0400"},"done":true},"minecraft:recipes/building_blocks/stone_bricks_from_stone_stonecutting":{"criteria":{"has_stone":"2025-03-17 05:24:36 -0400"},"done":true},"minecraft:recipes/building_blocks/stone_slab":{"criteria":{"has_stone":"2025-03-17 05:24:36 -0400"},"done":true},"minecraft:recipes/building_blocks/chiseled_stone_bricks_stone_from_stonecutting":{"criteria":{"has_stone":"2025-03-17 05:24:36 -0400"},"done":true},"minecraft:recipes/building_blocks/stone_stairs_from_stone_stonecutting":{"criteria":{"has_stone":"2025-03-17 05:24:36 -0400"},"done":true},"minecraft:recipes/redstone/stone_button":{"criteria":{"has_stone":"2025-03-17 05:24:36 -0400"},"done":true},"minecraft:recipes/decorations/stonecutter":{"criteria":{"has_stone":"2025-03-17 05:24:36 -0400"},"done":true},"minecraft:recipes/redstone/stone_pressure_plate":{"criteria":{"has_stone":"2025-03-17 05:24:36 -0400"},"done":true},"minecraft:recipes/building_blocks/smooth_stone":{"criteria":{"has_stone":"2025-03-17 05:24:36 -0400"},"done":true},"minecraft:recipes/decorations/stone_brick_walls_from_stone_stonecutting":{"criteria":{"has_stone":"2025-03-17 05:24:36 -0400"},"done":true},"minecraft:recipes/building_blocks/stone_stairs":{"criteria":{"has_stone":"2025-03-17 05:24:36 -0400"},"done":true},"minecraft:recipes/redstone/lever":{"criteria":{"has_cobblestone":"2025-03-17 05:24:43 -0400"},"done":true},"minecraft:recipes/combat/stone_sword":{"criteria":{"has_cobblestone":"2025-03-17 05:24:43 -0400"},"done":true},"minecraft:recipes/decorations/cobblestone_wall":{"criteria":{"has_cobblestone":"2025-03-17 05:24:43 -0400"},"done":true},"minecraft:recipes/tools/stone_pickaxe":{"criteria":{"has_cobblestone":"2025-03-17 05:24:43 -0400"},"done":true},"minecraft:recipes/tools/stone_axe":{"criteria":{"has_cobblestone":"2025-03-17 05:24:43 -0400"},"done":true},"minecraft:story/mine_stone":{"criteria":{"get_stone":"2025-03-17 05:24:43 -0400"},"done":true},"minecraft:recipes/decorations/furnace":{"criteria":{"has_cobblestone":"2025-03-17 05:24:43 -0400"},"done":true},"minecraft:recipes/building_blocks/cobblestone_slab":{"criteria":{"has_cobblestone":"2025-03-17 05:24:43 -0400"},"done":true},"minecraft:recipes/building_blocks/cobblestone_slab_from_cobblestone_stonecutting":{"criteria":{"has_cobblestone":"2025-03-17 05:24:43 -0400"},"done":true},"minecraft:recipes/building_blocks/stone":{"criteria":{"has_cobblestone":"2025-03-17 05:24:43 -0400"},"done":true},"minecraft:recipes/decorations/cobblestone_wall_from_cobblestone_stonecutting":{"criteria":{"has_cobblestone":"2025-03-17 05:24:43 -0400"},"done":true},"minecraft:recipes/building_blocks/cobblestone_stairs_from_cobblestone_stonecutting":{"criteria":{"has_cobblestone":"2025-03-17 05:24:43 -0400"},"done":true},"minecraft:recipes/building_blocks/cobblestone_stairs":{"criteria":{"has_cobblestone":"2025-03-17 05:24:43 -0400"},"done":true},"minecraft:recipes/tools/stone_hoe":{"criteria":{"has_cobblestone":"2025-03-17 05:24:43 -0400"},"done":true},"minecraft:recipes/tools/stone_shovel":{"criteria":{"has_cobblestone":"2025-03-17 05:24:43 -0400"},"done":true},"minecraft:recipes/decorations/blast_furnace":{"criteria":{"has_smooth_stone":"2025-03-17 05:25:38 -0400"},"done":true},"minecraft:recipes/building_blocks/smooth_stone_slab":{"criteria":{"has_smooth_stone":"2025-03-17 05:25:38 -0400"},"done":true},"minecraft:recipes/building_blocks/smooth_stone_slab_from_smooth_stone_stonecutting":{"criteria":{"has_smooth_stone":"2025-03-17 05:25:38 -0400"},"done":true},"minecraft:recipes/decorations/stone_brick_wall":{"criteria":{"has_stone_bricks":"2025-03-17 05:26:02 -0400"},"done":true},"minecraft:recipes/building_blocks/stone_brick_slab_from_stone_bricks_stonecutting":{"criteria":{"has_stone_bricks":"2025-03-17 05:26:02 -0400"},"done":true},"minecraft:recipes/building_blocks/cracked_stone_bricks":{"criteria":{"has_stone_bricks":"2025-03-17 05:26:02 -0400"},"done":true},"minecraft:recipes/building_blocks/stone_brick_stairs_from_stone_bricks_stonecutting":{"criteria":{"has_stone_bricks":"2025-03-17 05:26:02 -0400"},"done":true},"minecraft:recipes/building_blocks/stone_brick_slab":{"criteria":{"has_stone_bricks":"2025-03-17 05:26:02 -0400"},"done":true},"minecraft:recipes/building_blocks/stone_brick_stairs":{"criteria":{"has_stone_bricks":"2025-03-17 05:26:02 -0400"},"done":true},"minecraft:recipes/building_blocks/chiseled_stone_bricks_from_stone_bricks_stonecutting":{"criteria":{"has_stone_bricks":"2025-03-17 05:26:02 -0400"},"done":true},"minecraft:recipes/building_blocks/chiseled_stone_bricks":{"criteria":{"has_tag":"2025-03-17 05:26:02 -0400"},"done":true},"minecraft:recipes/decorations/stone_brick_wall_from_stone_bricks_stonecutting":{"criteria":{"has_stone_bricks":"2025-03-17 05:26:02 -0400"},"done":true},"minecraft:recipes/decorations/armor_stand":{"criteria":{"has_stone_slab":"2025-03-17 05:26:22 -0400"},"done":true},"minecraft:recipes/food/cooked_porkchop":{"criteria":{"has_porkchop":"2025-03-17 05:26:49 -0400"},"done":true},"minecraft:adventure/root":{"criteria":{"killed_something":"2025-03-17 05:26:49 -0400"},"done":true},"minecraft:recipes/food/cooked_porkchop_from_campfire_cooking":{"criteria":{"has_porkchop":"2025-03-17 05:26:49 -0400"},"done":true},"minecraft:recipes/food/cooked_porkchop_from_smoking":{"criteria":{"has_porkchop":"2025-03-17 05:26:49 -0400"},"done":true},"minecraft:recipes/building_blocks/polished_andesite_stairs":{"criteria":{"has_polished_andesite":"2025-03-17 05:29:04 -0400"},"done":true},"minecraft:recipes/building_blocks/polished_andesite_slab":{"criteria":{"has_polished_andesite":"2025-03-17 05:29:04 -0400"},"done":true},"minecraft:recipes/building_blocks/polished_andesite_slab_from_polished_andesite_stonecutting":{"criteria":{"has_polished_andesite":"2025-03-17 05:29:04 -0400"},"done":true},"minecraft:recipes/building_blocks/polished_andesite_stairs_from_polished_andesite_stonecutting":{"criteria":{"has_polished_andesite":"2025-03-17 05:29:04 -0400"},"done":true},"minecraft:recipes/combat/leather_helmet":{"criteria":{"has_leather":"2025-03-17 05:49:08 -0400"},"done":true},"minecraft:recipes/combat/leather_leggings":{"criteria":{"has_leather":"2025-03-17 05:49:08 -0400"},"done":true},"minecraft:recipes/decorations/item_frame":{"criteria":{"has_leather":"2025-03-17 05:49:08 -0400"},"done":true},"minecraft:recipes/combat/leather_chestplate":{"criteria":{"has_leather":"2025-03-17 05:49:08 -0400"},"done":true},"minecraft:recipes/combat/leather_boots":{"criteria":{"has_leather":"2025-03-17 05:49:08 -0400"},"done":true},"minecraft:recipes/misc/leather_horse_armor":{"criteria":{"has_leather":"2025-03-17 05:49:08 -0400"},"done":true},"minecraft:recipes/misc/diamond":{"criteria":{"has_diamond_block":"2025-03-17 06:19:45 -0400"},"done":true},"minecraft:nether/create_beacon":{"criteria":{"beacon":"2025-03-17 06:20:30 -0400"},"done":true},"minecraft:recipes/decorations/light_blue_stained_glass_pane":{"criteria":{"has_glass":"2025-03-17 14:42:12 -0400"},"done":true},"minecraft:recipes/decorations/cyan_stained_glass_pane":{"criteria":{"has_glass":"2025-03-17 14:42:23 -0400"},"done":true},"minecraft:recipes/food/suspicious_stew_from_cornflower":{"criteria":{"has_cornflower":"2025-03-20 03:40:20 -0400"},"done":true},"minecraft:recipes/misc/blue_dye_from_cornflower":{"criteria":{"has_cornflower":"2025-03-20 03:40:20 -0400"},"done":true},"minecraft:recipes/food/suspicious_stew_from_torchflower":{"criteria":{"has_torchflower":"2025-03-20 03:40:23 -0400"},"done":true},"minecraft:recipes/misc/orange_dye_from_torchflower":{"criteria":{"has_torchflower":"2025-03-20 03:40:23 -0400"},"done":true},"minecraft:recipes/misc/yellow_dye_from_sunflower":{"criteria":{"has_sunflower":"2025-03-20 03:40:29 -0400"},"done":true},"minecraft:recipes/misc/red_dye_from_rose_bush":{"criteria":{"has_rose_bush":"2025-03-20 03:41:33 -0400"},"done":true},"minecraft:recipes/building_blocks/quartz_stairs":{"criteria":{"has_quartz_block":"2025-03-20 03:50:49 -0400"},"done":true},"minecraft:recipes/building_blocks/smooth_quartz":{"criteria":{"has_quartz_block":"2025-03-20 03:50:49 -0400"},"done":true},"minecraft:recipes/building_blocks/quartz_slab":{"criteria":{"has_quartz_block":"2025-03-20 03:50:49 -0400"},"done":true},"minecraft:recipes/building_blocks/chiseled_quartz_block":{"criteria":{"has_quartz_block":"2025-03-20 03:50:49 -0400"},"done":true},"minecraft:recipes/building_blocks/quartz_bricks":{"criteria":{"has_quartz_block":"2025-03-20 03:50:49 -0400"},"done":true},"minecraft:recipes/building_blocks/quartz_bricks_from_quartz_block_stonecutting":{"criteria":{"has_quartz_block":"2025-03-20 03:50:49 -0400"},"done":true},"minecraft:recipes/building_blocks/chiseled_quartz_block_from_quartz_block_stonecutting":{"criteria":{"has_quartz_block":"2025-03-20 03:50:49 -0400"},"done":true},"minecraft:recipes/building_blocks/quartz_pillar_from_quartz_block_stonecutting":{"criteria":{"has_quartz_block":"2025-03-20 03:50:49 -0400"},"done":true},"minecraft:recipes/building_blocks/quartz_slab_from_stonecutting":{"criteria":{"has_quartz_block":"2025-03-20 03:50:49 -0400"},"done":true},"minecraft:recipes/building_blocks/quartz_pillar":{"criteria":{"has_quartz_block":"2025-03-20 03:50:49 -0400"},"done":true},"minecraft:recipes/building_blocks/quartz_stairs_from_quartz_block_stonecutting":{"criteria":{"has_quartz_block":"2025-03-20 03:50:49 -0400"},"done":true},"minecraft:recipes/misc/iron_ingot_from_iron_block":{"criteria":{"has_iron_block":"2025-03-20 03:50:53 -0400"},"done":true},"minecraft:recipes/decorations/anvil":{"criteria":{"has_iron_block":"2025-03-20 03:50:53 -0400"},"done":true},"minecraft:recipes/decorations/black_bed":{"criteria":{"has_black_wool":"2025-03-20 03:51:36 -0400"},"done":true},"minecraft:recipes/decorations/painting":{"criteria":{"has_wool":"2025-03-20 03:51:36 -0400"},"done":true},"minecraft:recipes/decorations/black_carpet":{"criteria":{"has_black_wool":"2025-03-20 03:51:36 -0400"},"done":true},"minecraft:recipes/decorations/black_banner":{"criteria":{"has_black_wool":"2025-03-20 03:51:36 -0400"},"done":true},"minecraft:recipes/decorations/gray_bed":{"criteria":{"has_gray_wool":"2025-03-20 03:51:59 -0400"},"done":true},"minecraft:recipes/decorations/gray_banner":{"criteria":{"has_gray_wool":"2025-03-20 03:51:59 -0400"},"done":true},"minecraft:recipes/decorations/gray_carpet":{"criteria":{"has_gray_wool":"2025-03-20 03:51:59 -0400"},"done":true},"minecraft:recipes/redstone/sticky_piston":{"criteria":{"has_slime_ball":"2025-03-28 21:06:01 -0400"},"done":true},"minecraft:recipes/redstone/slime_block":{"criteria":{"has_slime_ball":"2025-03-28 21:06:01 -0400"},"done":true},"minecraft:recipes/tools/lead":{"criteria":{"has_slime_ball":"2025-03-28 21:06:01 -0400"},"done":true},"minecraft:recipes/decorations/ladder":{"criteria":{"has_stick":"2025-04-07 04:53:03 -0400"},"done":true},"minecraft:recipes/decorations/campfire":{"criteria":{"has_stick":"2025-04-07 04:53:03 -0400"},"done":true},"minecraft:recipes/tools/wooden_hoe":{"criteria":{"has_stick":"2025-04-07 04:53:03 -0400"},"done":true},"minecraft:recipes/tools/wooden_pickaxe":{"criteria":{"has_stick":"2025-04-07 04:53:03 -0400"},"done":true},"minecraft:recipes/tools/wooden_axe":{"criteria":{"has_stick":"2025-04-07 04:53:03 -0400"},"done":true},"minecraft:recipes/tools/wooden_shovel":{"criteria":{"has_stick":"2025-04-07 04:53:03 -0400"},"done":true},"minecraft:recipes/combat/wooden_sword":{"criteria":{"has_stick":"2025-04-07 04:53:03 -0400"},"done":true},"minecraft:recipes/decorations/snow":{"criteria":{"has_snowball":"2025-04-07 04:53:56 -0400"},"done":true},"minecraft:recipes/building_blocks/snow_block":{"criteria":{"has_snowball":"2025-04-07 04:53:56 -0400"},"done":true},"minecraft:recipes/combat/arrow":{"criteria":{"has_feather":"2025-04-07 04:54:26 -0400"},"done":true},"minecraft:recipes/tools/flint_and_steel":{"criteria":{"has_obsidian":"2025-04-07 04:59:06 -0400"},"done":true},"minecraft:story/form_obsidian":{"criteria":{"obsidian":"2025-04-07 04:59:06 -0400"},"done":true},"minecraft:recipes/decorations/enchanting_table":{"criteria":{"has_obsidian":"2025-04-07 04:59:06 -0400"},"done":true},"minecraft:recipes/transportation/dark_oak_chest_boat":{"criteria":{"has_boat":"2025-04-08 22:22:54 -0400"},"done":true},"minecraft:recipes/transportation/bamboo_chest_raft":{"criteria":{"has_boat":"2025-04-08 22:22:54 -0400"},"done":true},"minecraft:recipes/transportation/spruce_chest_boat":{"criteria":{"has_boat":"2025-04-08 22:22:54 -0400"},"done":true},"minecraft:recipes/transportation/pale_oak_chest_boat":{"criteria":{"has_boat":"2025-04-08 22:22:54 -0400"},"done":true},"minecraft:recipes/transportation/jungle_chest_boat":{"criteria":{"has_boat":"2025-04-08 22:22:54 -0400"},"done":true},"minecraft:recipes/transportation/acacia_chest_boat":{"criteria":{"has_boat":"2025-04-08 22:22:54 -0400"},"done":true},"minecraft:recipes/transportation/mangrove_chest_boat":{"criteria":{"has_boat":"2025-04-08 22:22:54 -0400"},"done":true},"minecraft:recipes/transportation/oak_chest_boat":{"criteria":{"has_boat":"2025-04-08 22:22:54 -0400"},"done":true},"minecraft:recipes/transportation/cherry_chest_boat":{"criteria":{"has_boat":"2025-04-08 22:22:54 -0400"},"done":true},"minecraft:recipes/transportation/birch_chest_boat":{"criteria":{"has_boat":"2025-04-08 22:22:54 -0400"},"done":true},"minecraft:recipes/decorations/orange_bed":{"criteria":{"has_orange_wool":"2025-04-09 01:01:12 -0400"},"done":true},"minecraft:recipes/decorations/orange_banner":{"criteria":{"has_orange_wool":"2025-04-09 01:01:12 -0400"},"done":true},"minecraft:recipes/decorations/orange_carpet":{"criteria":{"has_orange_wool":"2025-04-09 01:01:12 -0400"},"done":true},"minecraft:story/obtain_armor":{"criteria":{"iron_leggings":"2025-04-11 06:36:19 -0400"},"done":true},"minecraft:recipes/misc/iron_nugget_from_smelting":{"criteria":{"has_iron_leggings":"2025-04-11 06:36:19 -0400"},"done":true},"minecraft:recipes/misc/iron_nugget_from_blasting":{"criteria":{"has_iron_leggings":"2025-04-11 06:36:19 -0400"},"done":true},"minecraft:recipes/decorations/red_shulker_box":{"criteria":{"has_shulker_box":"2025-04-13 05:47:57 -0400"},"done":true},"minecraft:recipes/decorations/yellow_shulker_box":{"criteria":{"has_shulker_box":"2025-04-13 05:47:57 -0400"},"done":true},"minecraft:recipes/decorations/gray_shulker_box":{"criteria":{"has_shulker_box":"2025-04-13 05:47:57 -0400"},"done":true},"minecraft:recipes/decorations/lime_shulker_box":{"criteria":{"has_shulker_box":"2025-04-13 05:47:57 -0400"},"done":true},"minecraft:recipes/decorations/purple_shulker_box":{"criteria":{"has_shulker_box":"2025-04-13 05:47:57 -0400"},"done":true},"minecraft:recipes/decorations/pink_shulker_box":{"criteria":{"has_shulker_box":"2025-04-13 05:47:57 -0400"},"done":true},"minecraft:recipes/decorations/cyan_shulker_box":{"criteria":{"has_shulker_box":"2025-04-13 05:47:57 -0400"},"done":true},"minecraft:recipes/decorations/white_shulker_box":{"criteria":{"has_shulker_box":"2025-04-13 05:47:57 -0400"},"done":true},"minecraft:recipes/decorations/green_shulker_box":{"criteria":{"has_shulker_box":"2025-04-13 05:47:57 -0400"},"done":true},"minecraft:recipes/decorations/brown_shulker_box":{"criteria":{"has_shulker_box":"2025-04-13 05:47:57 -0400"},"done":true},"minecraft:recipes/decorations/light_blue_shulker_box":{"criteria":{"has_shulker_box":"2025-04-13 05:47:57 -0400"},"done":true},"minecraft:recipes/decorations/magenta_shulker_box":{"criteria":{"has_shulker_box":"2025-04-13 05:47:57 -0400"},"done":true},"minecraft:recipes/decorations/light_gray_shulker_box":{"criteria":{"has_shulker_box":"2025-04-13 05:47:57 -0400"},"done":true},"minecraft:recipes/decorations/blue_shulker_box":{"criteria":{"has_shulker_box":"2025-04-13 05:47:57 -0400"},"done":true},"minecraft:recipes/decorations/orange_shulker_box":{"criteria":{"has_shulker_box":"2025-04-13 05:47:57 -0400"},"done":true},"minecraft:recipes/decorations/black_shulker_box":{"criteria":{"has_shulker_box":"2025-04-13 05:47:57 -0400"},"done":true},"DataVersion":4189}