{"minecraft:recipes/decorations/crafting_table":{"criteria":{"unlock_right_away":"2025-02-26 09:20:37 -0500"},"done":true},"minecraft:adventure/adventuring_time":{"criteria":{"minecraft:plains":"2025-02-26 09:20:38 -0500"},"done":false},"minecraft:recipes/transportation/mangrove_boat":{"criteria":{"in_water":"2025-03-17 14:32:40 -0400"},"done":true},"minecraft:recipes/transportation/acacia_boat":{"criteria":{"in_water":"2025-03-17 14:32:40 -0400"},"done":true},"minecraft:recipes/transportation/cherry_boat":{"criteria":{"in_water":"2025-03-17 14:32:40 -0400"},"done":true},"minecraft:recipes/transportation/pale_oak_boat":{"criteria":{"in_water":"2025-03-17 14:32:40 -0400"},"done":true},"minecraft:recipes/transportation/bamboo_raft":{"criteria":{"in_water":"2025-03-17 14:32:40 -0400"},"done":true},"minecraft:recipes/transportation/spruce_boat":{"criteria":{"in_water":"2025-03-17 14:32:40 -0400"},"done":true},"minecraft:recipes/transportation/birch_boat":{"criteria":{"in_water":"2025-03-17 14:32:40 -0400"},"done":true},"minecraft:recipes/transportation/oak_boat":{"criteria":{"in_water":"2025-03-17 14:32:40 -0400"},"done":true},"minecraft:recipes/transportation/jungle_boat":{"criteria":{"in_water":"2025-03-17 14:32:40 -0400"},"done":true},"minecraft:recipes/transportation/dark_oak_boat":{"criteria":{"in_water":"2025-03-17 14:32:40 -0400"},"done":true},"minecraft:husbandry/tame_an_animal":{"criteria":{"tamed_animal":"2025-03-17 14:40:53 -0400"},"done":true},"minecraft:recipes/building_blocks/waxed_oxidized_copper_bulb_from_honeycomb":{"criteria":{"has_oxidized_copper_bulb":"2025-04-14 12:29:32 -0400"},"done":true},"minecraft:recipes/decorations/composter":{"criteria":{"has_wood_slab":"2025-04-14 14:10:13 -0400"},"done":true},"minecraft:recipes/decorations/barrel":{"criteria":{"has_wood_slab":"2025-04-14 14:10:13 -0400"},"done":true},"DataVersion":4189}