{
	"credit": "Made with Blockbench",
	"textures": {
		"0": "block/Back Left Wheel",
		"1": "block/Front Left Wheel",
		"2": "block/Back Right Wheel",
		"3": "block/Front Right Wheel",
		"4": "block/Brakes",
		"5": "block/Kart body",
		"6": "block/kart ",
		"7": "block/Kart Seat",
		"8": "block/Sides of Kart",
		"9": "block/Kart Front",
		"10": "block/pipes",
		"11": "block/Wingos",
		"particle": "block/Back Left Wheel"
	},
	"elements": [
		{
			"name": "bb_main",
			"from": [4.544, 5.4, 20.64],
			"to": [13.184, 8.856, 24.096],
			"rotation": {"angle": 0, "axis": "y", "origin": [8, -11.88, 12]},
			"faces": {
				"north": {"uv": [57, 35, 65, 38], "texture": "#5"},
				"east": {"uv": [54, 35, 57, 38], "texture": "#5"},
				"south": {"uv": [68, 35, 76, 38], "texture": "#5"},
				"west": {"uv": [65, 35, 68, 38], "texture": "#5"},
				"up": {"uv": [65, 35, 57, 32], "texture": "#5"},
				"down": {"uv": [73, 32, 65, 35], "texture": "#5"}
			}
		},
		{
			"name": "bone",
			"from": [-2.368, 0.944, -1.824],
			"to": [20.096, 3.672, 29.28],
			"rotation": {"angle": 0, "axis": "y", "origin": [13.184, 1.944, 24.096]},
			"faces": {
				"north": {"uv": [4.75, 4.625, 7.5625, 4.9375], "texture": "#6"},
				"east": {"uv": [4.75, 3.875, 8.625, 4.1875], "texture": "#6"},
				"south": {"uv": [0, 5, 2.8125, 5.3125], "texture": "#6"},
				"west": {"uv": [4.75, 4.25, 8.625, 4.5625], "texture": "#6"},
				"up": {"uv": [2.8125, 3.875, 0, 0], "texture": "#6"},
				"down": {"uv": [5.6875, 0, 2.875, 3.875], "texture": "#6"}
			}
		},
		{
			"name": "bone",
			"from": [-0.64, 3.24, 5.736],
			"to": [18.368, 4.968, 14.376],
			"rotation": {"angle": 0, "axis": "y", "origin": [6.272, 5.4, 10.272]},
			"faces": {
				"north": {"uv": [2.875, 5, 5.25, 5.1875], "texture": "#6"},
				"east": {"uv": [5.25, 5, 6.3125, 5.1875], "texture": "#6"},
				"south": {"uv": [2.875, 5.25, 5.25, 5.4375], "texture": "#6"},
				"west": {"uv": [5.25, 5.25, 6.3125, 5.4375], "texture": "#6"},
				"up": {"uv": [2.375, 4.9375, 0, 3.875], "texture": "#6"},
				"down": {"uv": [4.75, 3.875, 2.375, 4.9375], "texture": "#6"}
			}
		},
		{
			"name": "hexadecagon",
			"from": [19.232, 3.93684, -5.28],
			"to": [22.688, 5.99915, 5.088],
			"rotation": {"angle": -45, "axis": "x", "origin": [20.096, 4.968, -0.096]},
			"faces": {
				"north": {"uv": [9, 11, 10.5, 12], "texture": "#0"},
				"east": {"uv": [10.5, 0, 15.5, 1], "texture": "#0"},
				"south": {"uv": [10.5, 11, 12, 12], "texture": "#0"},
				"west": {"uv": [10.5, 1, 15.5, 2], "texture": "#0"},
				"up": {"uv": [4.5, 5, 3, 0], "texture": "#0"},
				"down": {"uv": [6, 0, 4.5, 5], "texture": "#0"}
			}
		},
		{
			"name": "hexadecagon",
			"from": [19.232, 3.93684, -5.28],
			"to": [22.688, 5.99915, 5.088],
			"rotation": {"angle": -22.5, "axis": "x", "origin": [20.096, 4.968, -0.096]},
			"faces": {
				"north": {"uv": [10.5, 8, 12, 9], "texture": "#0"},
				"east": {"uv": [3, 10, 8, 11], "texture": "#0"},
				"south": {"uv": [10.5, 9, 12, 10], "texture": "#0"},
				"west": {"uv": [8, 10, 13, 11], "texture": "#0"},
				"up": {"uv": [1.5, 5, 0, 0], "texture": "#0"},
				"down": {"uv": [3, 0, 1.5, 5], "texture": "#0"}
			}
		},
		{
			"name": "hexadecagon",
			"from": [19.232, 3.93684, -5.28],
			"to": [22.688, 5.99915, 5.088],
			"rotation": {"angle": 0, "axis": "y", "origin": [8, -14.04, 12]},
			"faces": {
				"north": {"uv": [12, 8, 13.5, 9], "texture": "#0"},
				"east": {"uv": [10.5, 2, 15.5, 3], "texture": "#0"},
				"south": {"uv": [9, 12, 10.5, 13], "texture": "#0"},
				"west": {"uv": [10.5, 3, 15.5, 4], "texture": "#0"},
				"up": {"uv": [1.5, 10, 0, 5], "texture": "#0"},
				"down": {"uv": [3, 5, 1.5, 10], "texture": "#0"}
			}
		},
		{
			"name": "hexadecagon",
			"from": [19.232, 3.93684, -5.28],
			"to": [22.688, 5.99915, 5.088],
			"rotation": {"angle": 22.5, "axis": "x", "origin": [20.096, 4.968, -0.096]},
			"faces": {
				"north": {"uv": [12, 9, 13.5, 10], "texture": "#0"},
				"east": {"uv": [10.5, 4, 15.5, 5], "texture": "#0"},
				"south": {"uv": [10.5, 12, 12, 13], "texture": "#0"},
				"west": {"uv": [10.5, 5, 15.5, 6], "texture": "#0"},
				"up": {"uv": [4.5, 10, 3, 5], "texture": "#0"},
				"down": {"uv": [6, 5, 4.5, 10], "texture": "#0"}
			}
		},
		{
			"name": "hexadecagon",
			"from": [19.232, 3.93684, -5.28],
			"to": [22.688, 5.99915, 5.088],
			"rotation": {"angle": 45, "axis": "x", "origin": [20.096, 4.968, -0.096]},
			"faces": {
				"north": {"uv": [12, 11, 13.5, 12], "texture": "#0"},
				"east": {"uv": [10.5, 6, 15.5, 7], "texture": "#0"},
				"south": {"uv": [12, 12, 13.5, 13], "texture": "#0"},
				"west": {"uv": [10.5, 7, 15.5, 8], "texture": "#0"},
				"up": {"uv": [7.5, 5, 6, 0], "texture": "#0"},
				"down": {"uv": [7.5, 5, 6, 10], "texture": "#0"}
			}
		},
		{
			"name": "hexadecagon",
			"from": [19.232, -0.216, -1.12716],
			"to": [22.688, 10.152, 0.93515],
			"rotation": {"angle": -22.5, "axis": "x", "origin": [20.096, 4.968, -0.096]},
			"faces": {
				"north": {"uv": [7.5, 0, 9, 5], "texture": "#0"},
				"east": {"uv": [3, 11, 4, 16], "texture": "#0"},
				"south": {"uv": [7.5, 5, 9, 10], "texture": "#0"},
				"west": {"uv": [4, 11, 5, 16], "texture": "#0"},
				"up": {"uv": [10.5, 14, 9, 13], "texture": "#0"},
				"down": {"uv": [14.5, 10, 13, 11], "texture": "#0"}
			}
		},
		{
			"name": "hexadecagon",
			"from": [19.232, -0.216, -1.12716],
			"to": [22.688, 10.152, 0.93515],
			"rotation": {"angle": 0, "axis": "y", "origin": [8, -14.04, 12]},
			"faces": {
				"north": {"uv": [9, 0, 10.5, 5], "texture": "#0"},
				"east": {"uv": [5, 11, 6, 16], "texture": "#0"},
				"south": {"uv": [9, 5, 10.5, 10], "texture": "#0"},
				"west": {"uv": [6, 11, 7, 16], "texture": "#0"},
				"up": {"uv": [12, 14, 10.5, 13], "texture": "#0"},
				"down": {"uv": [13.5, 13, 12, 14], "texture": "#0"}
			}
		},
		{
			"name": "hexadecagon",
			"from": [19.232, -0.216, -1.12716],
			"to": [22.688, 10.152, 0.93515],
			"rotation": {"angle": 22.5, "axis": "x", "origin": [20.096, 4.968, -0.096]},
			"faces": {
				"north": {"uv": [0, 10, 1.5, 15], "texture": "#0"},
				"east": {"uv": [7, 11, 8, 16], "texture": "#0"},
				"south": {"uv": [1.5, 10, 3, 15], "texture": "#0"},
				"west": {"uv": [8, 11, 9, 16], "texture": "#0"},
				"up": {"uv": [15, 9, 13.5, 8], "texture": "#0"},
				"down": {"uv": [15, 9, 13.5, 10], "texture": "#0"}
			}
		},
		{
			"name": "hexadecagon2",
			"from": [-5.96, 3.93684, -3.552],
			"to": [-2.504, 5.99915, 6.816],
			"rotation": {"angle": -45, "axis": "x", "origin": [-5.096, 4.968, 1.632]},
			"faces": {
				"north": {"uv": [6, 4, 6.875, 4.5], "texture": "#2"},
				"east": {"uv": [4, 5.5, 6.625, 6], "texture": "#2"},
				"south": {"uv": [6, 4.5, 6.875, 5], "texture": "#2"},
				"west": {"uv": [6, 0, 8.625, 0.5], "texture": "#2"},
				"up": {"uv": [0.875, 2.625, 0, 0], "texture": "#2"},
				"down": {"uv": [1.875, 0, 1, 2.625], "texture": "#2"}
			}
		},
		{
			"name": "hexadecagon2",
			"from": [-5.96, 3.93684, -3.552],
			"to": [-2.504, 5.99915, 6.816],
			"rotation": {"angle": -22.5, "axis": "x", "origin": [-5.096, 4.968, 1.632]},
			"faces": {
				"north": {"uv": [6, 5, 6.875, 5.5], "texture": "#2"},
				"east": {"uv": [6, 0.5, 8.625, 1], "texture": "#2"},
				"south": {"uv": [6.75, 5.5, 7.625, 6], "texture": "#2"},
				"west": {"uv": [6, 1, 8.625, 1.5], "texture": "#2"},
				"up": {"uv": [2.875, 2.625, 2, 0], "texture": "#2"},
				"down": {"uv": [0.875, 2.75, 0, 5.375], "texture": "#2"}
			}
		},
		{
			"name": "hexadecagon2",
			"from": [-5.96, 3.93684, -3.552],
			"to": [-2.504, 5.99915, 6.816],
			"rotation": {"angle": 0, "axis": "y", "origin": [7, -14.04, 12]},
			"faces": {
				"north": {"uv": [6.75, 6, 7.625, 6.5], "texture": "#2"},
				"east": {"uv": [6, 1.5, 8.625, 2], "texture": "#2"},
				"south": {"uv": [7, 4, 7.875, 4.5], "texture": "#2"},
				"west": {"uv": [6, 2, 8.625, 2.5], "texture": "#2"},
				"up": {"uv": [1.875, 5.375, 1, 2.75], "texture": "#2"},
				"down": {"uv": [2.875, 2.75, 2, 5.375], "texture": "#2"}
			}
		},
		{
			"name": "hexadecagon2",
			"from": [-5.96, 3.93684, -3.552],
			"to": [-2.504, 5.99915, 6.816],
			"rotation": {"angle": 22.5, "axis": "x", "origin": [-5.096, 4.968, 1.632]},
			"faces": {
				"north": {"uv": [7, 4.5, 7.875, 5], "texture": "#2"},
				"east": {"uv": [6, 2.5, 8.625, 3], "texture": "#2"},
				"south": {"uv": [7, 5, 7.875, 5.5], "texture": "#2"},
				"west": {"uv": [6, 3, 8.625, 3.5], "texture": "#2"},
				"up": {"uv": [3.875, 2.625, 3, 0], "texture": "#2"},
				"down": {"uv": [3.875, 2.75, 3, 5.375], "texture": "#2"}
			}
		},
		{
			"name": "hexadecagon2",
			"from": [-5.96, 3.93684, -3.552],
			"to": [-2.504, 5.99915, 6.816],
			"rotation": {"angle": 45, "axis": "x", "origin": [-5.096, 4.968, 1.632]},
			"faces": {
				"north": {"uv": [7, 6.5, 7.875, 7], "texture": "#2"},
				"east": {"uv": [6, 3.5, 8.625, 4], "texture": "#2"},
				"south": {"uv": [7, 7, 7.875, 7.5], "texture": "#2"},
				"west": {"uv": [4, 6, 6.625, 6.5], "texture": "#2"},
				"up": {"uv": [4.875, 2.625, 4, 0], "texture": "#2"},
				"down": {"uv": [4.875, 2.75, 4, 5.375], "texture": "#2"}
			}
		},
		{
			"name": "hexadecagon2",
			"from": [-5.96, -0.216, 0.60084],
			"to": [-2.504, 10.152, 2.66315],
			"rotation": {"angle": -22.5, "axis": "x", "origin": [-5.096, 4.968, 1.632]},
			"faces": {
				"north": {"uv": [5, 0, 5.875, 2.625], "texture": "#2"},
				"east": {"uv": [4, 6.5, 4.5, 9.125], "texture": "#2"},
				"south": {"uv": [5, 2.75, 5.875, 5.375], "texture": "#2"},
				"west": {"uv": [4.5, 6.5, 5, 9.125], "texture": "#2"},
				"up": {"uv": [7.875, 8, 7, 7.5], "texture": "#2"},
				"down": {"uv": [8.625, 5.5, 7.75, 6], "texture": "#2"}
			}
		},
		{
			"name": "hexadecagon2",
			"from": [-5.96, -0.216, 0.60084],
			"to": [-2.504, 10.152, 2.66315],
			"rotation": {"angle": 0, "axis": "y", "origin": [7, -14.04, 12]},
			"faces": {
				"north": {"uv": [0, 5.5, 0.875, 8.125], "texture": "#2"},
				"east": {"uv": [5, 6.5, 5.5, 9.125], "texture": "#2"},
				"south": {"uv": [1, 5.5, 1.875, 8.125], "texture": "#2"},
				"west": {"uv": [5.5, 6.5, 6, 9.125], "texture": "#2"},
				"up": {"uv": [8.625, 6.5, 7.75, 6], "texture": "#2"},
				"down": {"uv": [8.875, 4, 8, 4.5], "texture": "#2"}
			}
		},
		{
			"name": "hexadecagon2",
			"from": [-5.96, -0.216, 0.60084],
			"to": [-2.504, 10.152, 2.66315],
			"rotation": {"angle": 22.5, "axis": "x", "origin": [-5.096, 4.968, 1.632]},
			"faces": {
				"north": {"uv": [2, 5.5, 2.875, 8.125], "texture": "#2"},
				"east": {"uv": [6, 6.5, 6.5, 9.125], "texture": "#2"},
				"south": {"uv": [3, 5.5, 3.875, 8.125], "texture": "#2"},
				"west": {"uv": [6.5, 6.5, 7, 9.125], "texture": "#2"},
				"up": {"uv": [8.875, 5, 8, 4.5], "texture": "#2"},
				"down": {"uv": [8.875, 5, 8, 5.5], "texture": "#2"}
			}
		},
		{
			"name": "octagon",
			"from": [-4.96, 2.59836, 24.96],
			"to": [-1.504, 4.74564, 30.144],
			"rotation": {"angle": 45, "axis": "x", "origin": [-4.096, 3.672, 27.552]},
			"faces": {
				"north": {"uv": [7, 5.5, 8.75, 6.5], "texture": "#3"},
				"east": {"uv": [4, 5, 6.5, 6], "texture": "#3"},
				"south": {"uv": [7, 6.5, 8.75, 7.5], "texture": "#3"},
				"west": {"uv": [6, 0, 8.5, 1], "texture": "#3"},
				"up": {"uv": [1.75, 2.5, 0, 0], "texture": "#3"},
				"down": {"uv": [3.75, 0, 2, 2.5], "texture": "#3"}
			}
		},
		{
			"name": "octagon",
			"from": [-4.96, 2.59836, 24.96],
			"to": [-1.504, 4.74564, 30.144],
			"rotation": {"angle": 0, "axis": "y", "origin": [8, -11.88, 12]},
			"faces": {
				"north": {"uv": [0, 7.5, 1.75, 8.5], "texture": "#3"},
				"east": {"uv": [6, 1, 8.5, 2], "texture": "#3"},
				"south": {"uv": [2, 7.5, 3.75, 8.5], "texture": "#3"},
				"west": {"uv": [6, 2, 8.5, 3], "texture": "#3"},
				"up": {"uv": [1.75, 5, 0, 2.5], "texture": "#3"},
				"down": {"uv": [3.75, 2.5, 2, 5], "texture": "#3"}
			}
		},
		{
			"name": "octagon",
			"from": [-4.96, 1.08, 26.47836],
			"to": [-1.504, 6.264, 28.62564],
			"rotation": {"angle": 45, "axis": "x", "origin": [-4.096, 3.672, 27.552]},
			"faces": {
				"north": {"uv": [4, 0, 5.75, 2.5], "texture": "#3"},
				"east": {"uv": [4, 6, 5, 8.5], "texture": "#3"},
				"south": {"uv": [4, 2.5, 5.75, 5], "texture": "#3"},
				"west": {"uv": [5, 6, 6, 8.5], "texture": "#3"},
				"up": {"uv": [9.25, 4, 7.5, 3], "texture": "#3"},
				"down": {"uv": [9.25, 4, 7.5, 5], "texture": "#3"}
			}
		},
		{
			"name": "octagon",
			"from": [-4.96, 1.08, 26.47836],
			"to": [-1.504, 6.264, 28.62564],
			"rotation": {"angle": 0, "axis": "y", "origin": [8, -11.88, 12]},
			"faces": {
				"north": {"uv": [0, 5, 1.75, 7.5], "texture": "#3"},
				"east": {"uv": [6, 6, 7, 8.5], "texture": "#3"},
				"south": {"uv": [2, 5, 3.75, 7.5], "texture": "#3"},
				"west": {"uv": [6.5, 3, 7.5, 5.5], "texture": "#3"},
				"up": {"uv": [8.75, 8.5, 7, 7.5], "texture": "#3"},
				"down": {"uv": [1.75, 8.5, 0, 9.5], "texture": "#3"}
			}
		},
		{
			"name": "octagon2",
			"from": [19.232, 2.59836, 24.96],
			"to": [22.688, 4.74564, 30.144],
			"rotation": {"angle": 45, "axis": "x", "origin": [20.096, 3.672, 27.552]},
			"faces": {
				"north": {"uv": [4.5, 6, 6, 7], "texture": "#1"},
				"east": {"uv": [0, 5, 2.5, 6], "texture": "#1"},
				"south": {"uv": [6, 6, 7.5, 7], "texture": "#1"},
				"west": {"uv": [2.5, 5, 5, 6], "texture": "#1"},
				"up": {"uv": [1.5, 2.5, 0, 0], "texture": "#1"},
				"down": {"uv": [3, 0, 1.5, 2.5], "texture": "#1"}
			}
		},
		{
			"name": "octagon2",
			"from": [19.232, 2.59836, 24.96],
			"to": [22.688, 4.74564, 30.144],
			"rotation": {"angle": 0, "axis": "y", "origin": [8, -11.88, 12]},
			"faces": {
				"north": {"uv": [0, 7, 1.5, 8], "texture": "#1"},
				"east": {"uv": [5, 5, 7.5, 6], "texture": "#1"},
				"south": {"uv": [7, 0, 8.5, 1], "texture": "#1"},
				"west": {"uv": [0, 6, 2.5, 7], "texture": "#1"},
				"up": {"uv": [1.5, 5, 0, 2.5], "texture": "#1"},
				"down": {"uv": [3, 2.5, 1.5, 5], "texture": "#1"}
			}
		},
		{
			"name": "octagon2",
			"from": [19.232, 1.08, 26.47836],
			"to": [22.688, 6.264, 28.62564],
			"rotation": {"angle": 45, "axis": "x", "origin": [20.096, 3.672, 27.552]},
			"faces": {
				"north": {"uv": [3, 0, 4.5, 2.5], "texture": "#1"},
				"east": {"uv": [6, 0, 7, 2.5], "texture": "#1"},
				"south": {"uv": [3, 2.5, 4.5, 5], "texture": "#1"},
				"west": {"uv": [2.5, 6, 3.5, 8.5], "texture": "#1"},
				"up": {"uv": [8.5, 2, 7, 1], "texture": "#1"},
				"down": {"uv": [8.5, 2, 7, 3], "texture": "#1"}
			}
		},
		{
			"name": "octagon2",
			"from": [19.232, 1.08, 26.47836],
			"to": [22.688, 6.264, 28.62564],
			"rotation": {"angle": 0, "axis": "y", "origin": [8, -11.88, 12]},
			"faces": {
				"north": {"uv": [4.5, 0, 6, 2.5], "texture": "#1"},
				"east": {"uv": [6, 2.5, 7, 5], "texture": "#1"},
				"south": {"uv": [4.5, 2.5, 6, 5], "texture": "#1"},
				"west": {"uv": [3.5, 6, 4.5, 8.5], "texture": "#1"},
				"up": {"uv": [8.5, 4, 7, 3], "texture": "#1"},
				"down": {"uv": [8.5, 4, 7, 5], "texture": "#1"}
			}
		},
		{
			"name": "bone3",
			"from": [-0.64, 4.4, 3.36],
			"to": [18.368, 11.312, 6.816],
			"rotation": {"angle": -22.5, "axis": "x", "origin": [6.272, 4.4, 5.088]},
			"faces": {
				"north": {"uv": [0, 0, 9.5, 3.5], "texture": "#7"},
				"east": {"uv": [9.5, 0, 11.25, 3.5], "texture": "#7"},
				"south": {"uv": [0, 3.5, 9.5, 7], "texture": "#7"},
				"west": {"uv": [9.5, 3.5, 11.25, 7], "texture": "#7"},
				"up": {"uv": [9.5, 8.75, 0, 7], "texture": "#7"},
				"down": {"uv": [9.5, 9, 0, 10.75], "texture": "#7"}
			}
		},
		{
			"name": "bone5",
			"from": [16.912, 15.4, -2],
			"to": [20.368, 17.128, 0.904],
			"rotation": {"angle": 22.5, "axis": "x", "origin": [18.64, 15.4, -0.824]},
			"faces": {
				"north": {"uv": [0, 6, 3.5, 7.75], "texture": "#11"},
				"east": {"uv": [8, 2, 10.875, 3.75], "texture": "#11"},
				"south": {"uv": [4, 6, 7.5, 7.75], "texture": "#11"},
				"west": {"uv": [4, 8, 6.875, 9.75], "texture": "#11"},
				"up": {"uv": [3.5, 2.875, 0, 0], "texture": "#11"},
				"down": {"uv": [3.5, 3, 0, 5.875], "texture": "#11"}
			}
		},
		{
			"name": "bone5",
			"from": [-2.368, 15.4, -2],
			"to": [1.088, 17.128, 0.904],
			"rotation": {"angle": 22.5, "axis": "x", "origin": [-0.64, 15.4, -0.824]},
			"faces": {
				"north": {"uv": [0, 8, 3.5, 9.75], "texture": "#11"},
				"east": {"uv": [8, 4, 10.875, 5.75], "texture": "#11"},
				"south": {"uv": [8, 0, 11.5, 1.75], "texture": "#11"},
				"west": {"uv": [8, 6, 10.875, 7.75], "texture": "#11"},
				"up": {"uv": [7.5, 2.875, 4, 0], "texture": "#11"},
				"down": {"uv": [7.5, 3, 4, 5.875], "texture": "#11"}
			}
		},
		{
			"name": "bone6",
			"from": [-2.368, 3.672, 1.632],
			"to": [1.088, 8.856, 7.728],
			"rotation": {"angle": 0, "axis": "y", "origin": [-2.368, 3.672, 13.728]},
			"faces": {
				"north": {"uv": [6.5, 2.5, 8.25, 5], "texture": "#8"},
				"east": {"uv": [3.5, 0, 6.5, 2.5], "texture": "#8"},
				"south": {"uv": [9.5, 0, 11.25, 2.5], "texture": "#8"},
				"west": {"uv": [3.5, 2.5, 6.5, 5], "texture": "#8"},
				"up": {"uv": [5.75, 10.5, 4, 7.5], "texture": "#8"},
				"down": {"uv": [7.75, 7.5, 6, 10.5], "texture": "#8"}
			}
		},
		{
			"name": "bone6",
			"from": [-2.368, 1.944, 20.64],
			"to": [1.088, 7.128, 27.552],
			"rotation": {"angle": 0, "axis": "y", "origin": [-2.368, 1.944, 27.552]},
			"faces": {
				"north": {"uv": [4, 10.5, 5.75, 13], "texture": "#8"},
				"east": {"uv": [0, 0, 3.5, 2.5], "texture": "#8"},
				"south": {"uv": [6, 10.5, 7.75, 13], "texture": "#8"},
				"west": {"uv": [0, 2.5, 3.5, 5], "texture": "#8"},
				"up": {"uv": [1.75, 11, 0, 7.5], "texture": "#8"},
				"down": {"uv": [3.75, 7.5, 2, 11], "texture": "#8"}
			}
		},
		{
			"name": "bone6",
			"from": [16.64, 3.672, 1.632],
			"to": [20.096, 8.856, 7.728],
			"rotation": {"angle": 0, "axis": "y", "origin": [16.64, 3.672, 13.728]},
			"faces": {
				"north": {"uv": [8, 10.5, 9.75, 13], "texture": "#8"},
				"east": {"uv": [0, 5, 3, 7.5], "texture": "#8"},
				"south": {"uv": [0, 11, 1.75, 13.5], "texture": "#8"},
				"west": {"uv": [3, 5, 6, 7.5], "texture": "#8"},
				"up": {"uv": [9.75, 10.5, 8, 7.5], "texture": "#8"},
				"down": {"uv": [10.75, 2.5, 9, 5.5], "texture": "#8"}
			}
		},
		{
			"name": "bone6",
			"from": [16.64, 1.944, 20.64],
			"to": [20.096, 7.128, 26.552],
			"rotation": {"angle": 0, "axis": "y", "origin": [16.64, 1.944, 27.552]},
			"faces": {
				"north": {"uv": [2, 11, 3.75, 13.5], "texture": "#8"},
				"east": {"uv": [6, 5, 9, 7.5], "texture": "#8"},
				"south": {"uv": [11, 2.5, 12.75, 5], "texture": "#8"},
				"west": {"uv": [6.5, 0, 9.5, 2.5], "texture": "#8"},
				"up": {"uv": [11.75, 8.5, 10, 5.5], "texture": "#8"},
				"down": {"uv": [11.75, 8.5, 10, 11.5], "texture": "#8"}
			}
		},
		{
			"name": "bone7",
			"from": [-0.368, 2.944, 27.552],
			"to": [18.096, 8.584, 29.28],
			"rotation": {"angle": -45, "axis": "x", "origin": [8, 4.672, 27.552]},
			"faces": {
				"north": {"uv": [0, 0, 9.25, 2.75], "texture": "#9"},
				"east": {"uv": [0, 8, 0.75, 10.75], "texture": "#9"},
				"south": {"uv": [0, 3, 9.25, 5.75], "texture": "#9"},
				"west": {"uv": [1, 8, 1.75, 10.75], "texture": "#9"},
				"up": {"uv": [9.25, 6.75, 0, 6], "texture": "#9"},
				"down": {"uv": [9.25, 7, 0, 7.75], "texture": "#9"}
			}
		},
		{
			"name": "bone8",
			"from": [16.64, 10.584, 1.176],
			"to": [20.096, 15.768, 2.904],
			"rotation": {"angle": -22.5, "axis": "x", "origin": [18.368, 12.312, 1.176]},
			"faces": {
				"north": {"uv": [0, 8, 1.75, 10.5625], "texture": "#10"},
				"east": {"uv": [9.5, 0, 10.375, 2.5625], "texture": "#10"},
				"south": {"uv": [2, 8, 3.75, 10.5625], "texture": "#10"},
				"west": {"uv": [9.5, 3, 10.375, 5.5625], "texture": "#10"},
				"up": {"uv": [11.25, 6.875, 9.5, 6], "texture": "#10"},
				"down": {"uv": [11.25, 7, 9.5, 7.875], "texture": "#10"}
			}
		},
		{
			"name": "bone8",
			"from": [-2.368, 10.584, 1.176],
			"to": [1.088, 15.768, 2.904],
			"rotation": {"angle": -22.5, "axis": "x", "origin": [-0.64, 12.312, 1.176]},
			"faces": {
				"north": {"uv": [4, 8, 5.75, 10.5625], "texture": "#10"},
				"east": {"uv": [8, 10, 8.875, 12.5625], "texture": "#10"},
				"south": {"uv": [6, 8, 7.75, 10.5625], "texture": "#10"},
				"west": {"uv": [9, 10, 9.875, 12.5625], "texture": "#10"},
				"up": {"uv": [11.75, 10.875, 10, 10], "texture": "#10"},
				"down": {"uv": [12.25, 0, 10.5, 0.875], "texture": "#10"}
			}
		},
		{
			"name": "bone8",
			"from": [-1.368, 0.04, -7.008],
			"to": [17.096, 1.768, -1.824],
			"rotation": {"angle": 22.5, "axis": "x", "origin": [11.912, 1.768, -1.824]},
			"faces": {
				"north": {"uv": [0, 6, 9.25, 6.875], "texture": "#10"},
				"east": {"uv": [8, 8, 10.5625, 8.875], "texture": "#10"},
				"south": {"uv": [0, 7, 9.25, 7.875], "texture": "#10"},
				"west": {"uv": [8, 9, 10.5625, 9.875], "texture": "#10"},
				"up": {"uv": [9.25, 2.5625, 0, 0], "texture": "#10"},
				"down": {"uv": [9.25, 3, 0, 5.5625], "texture": "#10"}
			}
		},
		{
			"name": "bone9",
			"from": [1.8, 5.4, 22.368],
			"to": [4.256, 7.856, 22.368],
			"rotation": {"angle": 45, "axis": "x", "origin": [11.728, 5.4, 22.368]},
			"faces": {
				"north": {"uv": [0, 0, 5, 5], "texture": "#5"},
				"east": {"uv": [0, 0, 0, 5], "texture": "#5"},
				"south": {"uv": [0, 6, 5, 11], "texture": "#5"},
				"west": {"uv": [0, 0, 0, 5], "texture": "#5"},
				"up": {"uv": [5, 0, 0, 0], "texture": "#5"},
				"down": {"uv": [5, 0, 0, 0], "texture": "#5"}
			}
		},
		{
			"name": "bone9",
			"from": [13.5, 5.4, 22.368],
			"to": [15.956, 7.856, 22.368],
			"rotation": {"angle": 45, "axis": "x", "origin": [13.184, 5.4, 22.368]},
			"faces": {
				"north": {"uv": [0, 0, 2, 2], "texture": "#4"},
				"east": {"uv": [0, 0, 0, 2], "texture": "#4"},
				"south": {"uv": [2, 0, 4, 2], "texture": "#4"},
				"west": {"uv": [2, 0, 2, 2], "texture": "#4"},
				"up": {"uv": [2, 0, 0, 0], "texture": "#4"},
				"down": {"uv": [4, 0, 2, 0], "texture": "#4"}
			}
		},
		{
			"name": "hexadecagon",
			"from": [8.94454, -3.6, 17.23946],
			"to": [9.14346, -3.6, 18.23946],
			"rotation": {"angle": -22.5, "axis": "x", "origin": [9.044, 4.4, 17.73946]},
			"faces": {
				"north": {"uv": [0, 0, 1, 0], "texture": "#4"},
				"east": {"uv": [0, 0, 1, 0], "texture": "#4"},
				"south": {"uv": [0, 0, 1, 0], "texture": "#4"},
				"west": {"uv": [0, 0, 1, 0], "texture": "#4"},
				"up": {"uv": [10, 7, 9, 6], "texture": "#4"},
				"down": {"uv": [10, 7, 9, 8], "texture": "#4"}
			}
		},
		{
			"name": "hexadecagon",
			"from": [8.94454, 7.4, 17.23946],
			"to": [9.14346, 11.4, 18.23946],
			"rotation": {"angle": -22.5, "axis": "x", "origin": [9.044, 15.4, 17.73946]},
			"faces": {
				"north": {"uv": [0, 4, 1, 8], "texture": "#4"},
				"east": {"uv": [4, 0, 5, 4], "texture": "#4"},
				"south": {"uv": [1, 4, 2, 8], "texture": "#4"},
				"west": {"uv": [2, 4, 3, 8], "texture": "#4"},
				"up": {"uv": [10, 9, 9, 8], "texture": "#4"},
				"down": {"uv": [10, 9, 9, 10], "texture": "#4"}
			}
		},
		{
			"name": "hexadecagon",
			"from": [8.544, 7.4, 17.64],
			"to": [9.544, 11.4, 17.83891],
			"rotation": {"angle": -22.5, "axis": "x", "origin": [9.044, 15.4, 17.73946]},
			"faces": {
				"north": {"uv": [0, 0, 1, 4], "texture": "#4"},
				"east": {"uv": [1, 0, 2, 4], "texture": "#4"},
				"south": {"uv": [2, 0, 3, 4], "texture": "#4"},
				"west": {"uv": [3, 0, 4, 4], "texture": "#4"},
				"up": {"uv": [10, 5, 9, 4], "texture": "#4"},
				"down": {"uv": [10, 5, 9, 6], "texture": "#4"}
			}
		},
		{
			"name": "hexadecagon",
			"from": [8.544, 7.4, 17.64],
			"to": [9.544, 11.4, 17.83891],
			"rotation": {"angle": -22.5, "axis": "x", "origin": [9.044, 15.4, 17.73946]},
			"faces": {
				"north": {"uv": [3, 4, 4, 8], "texture": "#4"},
				"east": {"uv": [4, 4, 5, 8], "texture": "#4"},
				"south": {"uv": [5, 0, 6, 4], "texture": "#4"},
				"west": {"uv": [5, 4, 6, 8], "texture": "#4"},
				"up": {"uv": [11, 1, 10, 0], "texture": "#4"},
				"down": {"uv": [11, 1, 10, 2], "texture": "#4"}
			}
		},
		{
			"name": "hexadecagon",
			"from": [8.544, 7.4, 17.64],
			"to": [9.544, 11.4, 17.83891],
			"rotation": {"angle": -22.5, "axis": "x", "origin": [9.044, 15.4, 17.73946]},
			"faces": {
				"north": {"uv": [6, 0, 7, 4], "texture": "#4"},
				"east": {"uv": [6, 4, 7, 8], "texture": "#4"},
				"south": {"uv": [7, 0, 8, 4], "texture": "#4"},
				"west": {"uv": [7, 4, 8, 8], "texture": "#4"},
				"up": {"uv": [11, 3, 10, 2], "texture": "#4"},
				"down": {"uv": [11, 3, 10, 4], "texture": "#4"}
			}
		},
		{
			"name": "hexadecagon",
			"from": [8.544, 7.4, 17.64],
			"to": [9.544, 11.4, 17.83891],
			"rotation": {"angle": -22.5, "axis": "x", "origin": [9.044, 15.4, 17.73946]},
			"faces": {
				"north": {"uv": [0, 8, 1, 12], "texture": "#4"},
				"east": {"uv": [8, 0, 9, 4], "texture": "#4"},
				"south": {"uv": [1, 8, 2, 12], "texture": "#4"},
				"west": {"uv": [2, 8, 3, 12], "texture": "#4"},
				"up": {"uv": [11, 5, 10, 4], "texture": "#4"},
				"down": {"uv": [11, 5, 10, 6], "texture": "#4"}
			}
		},
		{
			"name": "hexadecagon",
			"from": [8.94454, 7.4, 17.23946],
			"to": [9.14346, 11.4, 18.23946],
			"rotation": {"angle": -22.5, "axis": "x", "origin": [9.044, 15.4, 17.73946]},
			"faces": {
				"north": {"uv": [3, 8, 4, 12], "texture": "#4"},
				"east": {"uv": [4, 8, 5, 12], "texture": "#4"},
				"south": {"uv": [8, 4, 9, 8], "texture": "#4"},
				"west": {"uv": [5, 8, 6, 12], "texture": "#4"},
				"up": {"uv": [11, 7, 10, 6], "texture": "#4"},
				"down": {"uv": [11, 7, 10, 8], "texture": "#4"}
			}
		},
		{
			"name": "hexadecagon",
			"from": [8.94454, 7.4, 17.23946],
			"to": [9.14346, 11.4, 18.23946],
			"rotation": {"angle": -22.5, "axis": "x", "origin": [9.044, 15.4, 17.73946]},
			"faces": {
				"north": {"uv": [6, 8, 7, 12], "texture": "#4"},
				"east": {"uv": [7, 8, 8, 12], "texture": "#4"},
				"south": {"uv": [8, 8, 9, 12], "texture": "#4"},
				"west": {"uv": [9, 0, 10, 4], "texture": "#4"},
				"up": {"uv": [11, 9, 10, 8], "texture": "#4"},
				"down": {"uv": [10, 10, 9, 11], "texture": "#4"}
			}
		}
	],
	"display": {
		"thirdperson_lefthand": {
			"rotation": [73, -180, 1],
			"translation": [-0.25, -7.5, 2.5],
			"scale": [1.01, 1, 1]
		}
	},
	"groups": [
		{
			"name": "Full Kart",
			"origin": [8, 0, 8],
			"color": 0,
			"children": [
				0,
				{
					"name": "Bottom of Kart",
					"origin": [8, 0, 8],
					"color": 1,
					"children": [1, 2]
				},
				{
					"name": "Back left wheel",
					"origin": [7, 3, -7],
					"color": 3,
					"children": [3, 4, 5, 6, 7, 8, 9, 10]
				},
				{
					"name": "Back right Wheel",
					"origin": [-7, 3, -6],
					"color": 4,
					"children": [11, 12, 13, 14, 15, 16, 17, 18]
				},
				{
					"name": "Front right Wheel",
					"origin": [-7, 1, 9],
					"color": 5,
					"children": [19, 20, 21, 22]
				},
				{
					"name": "Front left Wheel",
					"origin": [7, 1, 9],
					"color": 9,
					"children": [23, 24, 25, 26]
				},
				{
					"name": "Kart Seat",
					"origin": [8, 0, 8],
					"color": 7,
					"children": [27]
				},
				{
					"name": "Wings",
					"origin": [8, -2, 11],
					"color": 9,
					"children": [28, 29]
				},
				{
					"name": "Sides of the Kart",
					"origin": [8, 0, 8],
					"color": 0,
					"children": [30, 31, 32, 33]
				},
				{
					"name": "bone7",
					"origin": [8, 0, 8],
					"color": 1,
					"children": [34]
				},
				{
					"name": "bone8",
					"origin": [8, 0, 8],
					"color": 2,
					"children": [35, 36, 37]
				},
				{
					"name": "bone9",
					"origin": [8, 0, 8],
					"color": 3,
					"children": [38, 39]
				}
			]
		},
		{
			"name": "hexadecagon",
			"origin": [8, 8, 8],
			"color": 0,
			"children": [40, 41, 42, 43, 44, 45, 46, 47]
		}
	]
}