{
	"credit": "Made with Blockbench",
	"texture_size": [32, 32],
	"textures": {
		"0": "block/texture",
		"1": "block/texture",
		"2": "block/texture",
		"3": "block/texture",
		"4": "block/texture",
		"5": "block/texture",
		"6": "block/texture",
		"7": "block/texture",
		"20": "block/texture",
		"21": "block/texture",
		"22": "block/texture",
		"23": "block/texture",
		"24": "block/texture",
		"28": "block/texture",
		"29": "block/texture",
		"30": "block/texture",
		"31": "block/texture",
		"32": "block/texture",
		"33": "block/texture",
		"34": "block/texture",
		"36": "block/texture",
		"particle": "block/texture"
	},
	"elements": [
		{
			"name": "bb_main",
			"from": [8.52, 7.34, 22.32],
			"to": [14.04, 10.1, 25.08],
			"rotation": {"angle": 0, "axis": "y", "origin": [11.28, -6.46, 15.42]},
			"color": 0,
			"faces": {
				"north": {"uv": [1, 50.5, 3, 51.5], "texture": "#missing"},
				"east": {"uv": [0, 50.5, 1, 51.5], "texture": "#missing"},
				"south": {"uv": [4, 50.5, 6, 51.5], "texture": "#missing"},
				"west": {"uv": [3, 50.5, 4, 51.5], "texture": "#missing"},
				"up": {"uv": [3, 50.5, 1, 49.5], "texture": "#missing"},
				"down": {"uv": [5, 49.5, 3, 50.5], "texture": "#missing"}
			}
		},
		{
			"name": "bone3",
			"from": [-5, 7.1, -4.52],
			"to": [18.74, 16.76, -1.76],
			"rotation": {"angle": -22.5, "axis": "x", "origin": [2.76, 10.1, -3.14]},
			"color": 9,
			"faces": {
				"north": {"uv": [1, 18, 12.5, 21.5], "texture": "#missing"},
				"east": {"uv": [0, 18, 1, 21.5], "texture": "#missing"},
				"south": {"uv": [13.5, 18, 25, 21.5], "texture": "#missing"},
				"west": {"uv": [12.5, 18, 13.5, 21.5], "texture": "#missing"},
				"up": {"uv": [12.5, 18, 1, 17], "texture": "#missing"},
				"down": {"uv": [24, 17, 12.5, 18], "texture": "#missing"}
			}
		},
		{
			"from": [-5, 14, 12],
			"to": [19.74, 17, 20],
			"rotation": {"angle": 0, "axis": "y", "origin": [-3, 7, 12]},
			"color": 9,
			"faces": {
				"north": {"uv": [-10, 1, 2, 2.5], "texture": "#missing"},
				"east": {"uv": [-14, 1, -10, 2.5], "texture": "#missing"},
				"south": {"uv": [6, 1, 18, 2.5], "texture": "#missing"},
				"west": {"uv": [2, 1, 6, 2.5], "texture": "#missing"},
				"up": {"uv": [2, 1, -10, -3], "texture": "#missing"},
				"down": {"uv": [14, -3, 2, 1], "texture": "#missing"}
			}
		},
		{
			"name": "bone",
			"from": [-4.52, 5.2, -5.9],
			"to": [18.22, 6.58, 27.22],
			"rotation": {"angle": 0, "axis": "y", "origin": [7.9, 3.58, 21.7]},
			"color": 9,
			"faces": {
				"north": {"uv": [12, 12, 23.5, 12.5], "texture": "#missing"},
				"east": {"uv": [0, 12, 12, 12.5], "texture": "#missing"},
				"south": {"uv": [35.5, 12, 47, 12.5], "texture": "#missing"},
				"west": {"uv": [23.5, 12, 35.5, 12.5], "texture": "#missing"},
				"up": {"uv": [23.5, 12, 12, 0], "texture": "#missing"},
				"down": {"uv": [35, 0, 23.5, 12], "texture": "#missing"}
			}
		},
		{
			"name": "bone",
			"from": [-3.14, 7.1, -1.76],
			"to": [17.84, 8.48, 6.52],
			"rotation": {"angle": 22.5, "axis": "x", "origin": [9.28, 10.1, 1]},
			"color": 9,
			"faces": {
				"north": {"uv": [3, 16, 13.5, 16.5], "texture": "#missing"},
				"east": {"uv": [0, 16, 3, 16.5], "texture": "#missing"},
				"south": {"uv": [16.5, 16, 27, 16.5], "texture": "#missing"},
				"west": {"uv": [13.5, 16, 16.5, 16.5], "texture": "#missing"},
				"up": {"uv": [13.5, 16, 3, 13], "texture": "#missing"},
				"down": {"uv": [24, 13, 13.5, 16], "texture": "#missing"}
			}
		},
		{
			"name": "bone4",
			"from": [-3.14, 6.1, -7.28],
			"to": [16.22, 18.52, -4.52],
			"rotation": {"angle": 0, "axis": "y", "origin": [12.04, -5.08, 3.76]},
			"color": 8,
			"faces": {
				"north": {"uv": [1, 23, 12, 27.5], "texture": "#missing"},
				"east": {"uv": [0, 23, 1, 27.5], "texture": "#missing"},
				"south": {"uv": [13, 23, 24, 27.5], "texture": "#missing"},
				"west": {"uv": [12, 23, 13, 27.5], "texture": "#missing"},
				"up": {"uv": [12, 23, 1, 22], "texture": "#missing"},
				"down": {"uv": [23, 22, 12, 23], "texture": "#missing"}
			}
		},
		{
			"name": "bone6",
			"from": [-4.52, 5.96, -3.14],
			"to": [-3.14, 13.96, 26.66],
			"rotation": {"angle": 0, "axis": "y", "origin": [-4.52, 5.96, 6.52]},
			"color": 8,
			"faces": {
				"north": {"uv": [20.5, 42.5, 21, 45], "texture": "#missing"},
				"east": {"uv": [15.5, 42.5, 20.5, 45], "texture": "#missing"},
				"south": {"uv": [26, 42.5, 26.5, 45], "texture": "#missing"},
				"west": {"uv": [21, 42.5, 26, 45], "texture": "#missing"},
				"up": {"uv": [21, 42.5, 20.5, 37.5], "texture": "#missing"},
				"down": {"uv": [21.5, 37.5, 21, 42.5], "texture": "#missing"}
			}
		},
		{
			"name": "bone6",
			"from": [-5.52, 5.96, 17.56],
			"to": [-4.14, 10.1, 27.22],
			"rotation": {"angle": 0, "axis": "y", "origin": [-5.52, 5.96, 23.08]},
			"faces": {
				"north": {"uv": [1, 4, 1.5, 6], "texture": "#20"},
				"east": {"uv": [0, 0, 5, 2], "texture": "#20"},
				"south": {"uv": [1.5, 4, 2, 6], "texture": "#20"},
				"west": {"uv": [0, 2, 5, 4], "texture": "#20"},
				"up": {"uv": [0.5, 9, 0, 4], "texture": "#20"},
				"down": {"uv": [1, 4, 0.5, 9], "texture": "#20"}
			}
		},
		{
			"name": "bone6",
			"from": [18.84, 4.58, 17.56],
			"to": [20.22, 10.1, 25.84],
			"rotation": {"angle": 0, "axis": "y", "origin": [18.84, 4.58, 23.08]},
			"faces": {
				"north": {"uv": [4.5, 0, 5, 3], "texture": "#21"},
				"east": {"uv": [0, 0, 4, 3], "texture": "#21"},
				"south": {"uv": [4.5, 3, 5, 6], "texture": "#21"},
				"west": {"uv": [0, 3, 4, 6], "texture": "#21"},
				"up": {"uv": [4.5, 4, 4, 0], "texture": "#21"},
				"down": {"uv": [4.5, 4, 4, 8], "texture": "#21"}
			}
		},
		{
			"name": "bone6",
			"from": [17.84, 5.96, -4.66],
			"to": [19.22, 13.96, 26.04],
			"rotation": {"angle": 0, "axis": "y", "origin": [16.46, 5.96, 16.04]},
			"color": 8,
			"faces": {
				"north": {"uv": [32, 35, 32.5, 37], "texture": "#missing"},
				"east": {"uv": [24.5, 35, 32, 37], "texture": "#missing"},
				"south": {"uv": [40, 35, 40.5, 37], "texture": "#missing"},
				"west": {"uv": [32.5, 35, 40, 37], "texture": "#missing"},
				"up": {"uv": [32.5, 35, 32, 27.5], "texture": "#missing"},
				"down": {"uv": [33, 27.5, 32.5, 35], "texture": "#missing"}
			}
		},
		{
			"name": "bone7",
			"from": [-4.52, 4.82, 26.08],
			"to": [20.22, 13.24, 27.46],
			"rotation": {"angle": 0, "axis": "y", "origin": [10.66, 11.72, 26.08]},
			"faces": {
				"north": {"uv": [0, 0, 12.5, 4], "texture": "#36"},
				"east": {"uv": [0, 9, 0.5, 13], "texture": "#36"},
				"south": {"uv": [0, 4, 12.5, 8], "texture": "#36"},
				"west": {"uv": [0.5, 9, 1, 13], "texture": "#36"},
				"up": {"uv": [12.5, 8.5, 0, 8], "texture": "#36"},
				"down": {"uv": [12.5, 8.5, 0, 9], "texture": "#36"}
			}
		},
		{
			"name": "bone8",
			"from": [13.46, 15, -8.66],
			"to": [14.84, 24.66, -7.28],
			"rotation": {"angle": -22.5, "axis": "x", "origin": [14.84, 18.38, -8.66]},
			"faces": {
				"north": {"uv": [0, 0, 0.5, 5], "texture": "#22"},
				"east": {"uv": [0.5, 0, 1, 5], "texture": "#22"},
				"south": {"uv": [1, 0, 1.5, 5], "texture": "#22"},
				"west": {"uv": [1.5, 0, 2, 5], "texture": "#22"},
				"up": {"uv": [2.5, 0.5, 2, 0], "texture": "#22"},
				"down": {"uv": [2.5, 0.5, 2, 1], "texture": "#22"}
			}
		},
		{
			"name": "bone8",
			"from": [-1.76, 15.62, -8.66],
			"to": [-0.38, 25.28, -7.28],
			"rotation": {"angle": -22.5, "axis": "x", "origin": [-0.38, 17, -8.66]},
			"faces": {
				"north": {"uv": [0, 0, 0.5, 5], "texture": "#23"},
				"east": {"uv": [0.5, 0, 1, 5], "texture": "#23"},
				"south": {"uv": [1, 0, 1.5, 5], "texture": "#23"},
				"west": {"uv": [1.5, 0, 2, 5], "texture": "#23"},
				"up": {"uv": [2.5, 0.5, 2, 0], "texture": "#23"},
				"down": {"uv": [2.5, 0.5, 2, 1], "texture": "#23"}
			}
		},
		{
			"name": "bone8",
			"from": [-8.76, 23.1, -11.8],
			"to": [22.84, 30, -9.42],
			"rotation": {"angle": -45, "axis": "x", "origin": [9.18, 25.28, -11.42]},
			"color": 8,
			"faces": {
				"north": {"uv": [0, 0, 16, 3.5], "texture": "#missing"},
				"east": {"uv": [0, 9, 1, 12.5], "texture": "#missing"},
				"south": {"uv": [0, 3.5, 16, 7], "texture": "#missing"},
				"west": {"uv": [1, 9, 2, 12.5], "texture": "#missing"},
				"up": {"uv": [16, 8, 0, 7], "texture": "#missing"},
				"down": {"uv": [16, 8, 0, 9], "texture": "#missing"}
			}
		},
		{
			"from": [0, 24, -16],
			"to": [3, 27, -11],
			"rotation": {"angle": 0, "axis": "y", "origin": [0, 24, -16]},
			"color": 9,
			"faces": {
				"north": {"uv": [0.5, 1, 2, 2.5], "texture": "#missing"},
				"east": {"uv": [-2, 1, 0.5, 2.5], "texture": "#missing"},
				"south": {"uv": [4.5, 1, 6, 2.5], "texture": "#missing"},
				"west": {"uv": [2, 1, 4.5, 2.5], "texture": "#missing"},
				"up": {"uv": [2, 1, 0.5, -1.5], "texture": "#missing"},
				"down": {"uv": [3.5, -1.5, 2, 1], "texture": "#missing"}
			}
		},
		{
			"from": [0, 24, -16],
			"to": [3, 27, -16],
			"rotation": {"angle": 0, "axis": "y", "origin": [0, 24, -16]},
			"color": 3,
			"faces": {
				"north": {"uv": [0.5, 0, 2, 1.5], "texture": "#missing"},
				"east": {"uv": [0.5, 0, 0.5, 1.5], "texture": "#missing"},
				"south": {"uv": [2, 0, 3.5, 1.5], "texture": "#missing"},
				"west": {"uv": [2, 0, 2, 1.5], "texture": "#missing"},
				"up": {"uv": [2, 0, 0.5, 0], "texture": "#missing"},
				"down": {"uv": [3.5, 0, 2, 0], "texture": "#missing"}
			}
		},
		{
			"from": [10, 24, -16],
			"to": [13, 27, -16],
			"rotation": {"angle": 0, "axis": "y", "origin": [10, 24, -16]},
			"color": 3,
			"faces": {
				"north": {"uv": [0.5, 0, 2, 1.5], "texture": "#missing"},
				"east": {"uv": [0.5, 0, 0.5, 1.5], "texture": "#missing"},
				"south": {"uv": [2, 0, 3.5, 1.5], "texture": "#missing"},
				"west": {"uv": [2, 0, 2, 1.5], "texture": "#missing"},
				"up": {"uv": [2, 0, 0.5, 0], "texture": "#missing"},
				"down": {"uv": [3.5, 0, 2, 0], "texture": "#missing"}
			}
		},
		{
			"name": "bone2",
			"from": [16.46, 10.1, -4.52],
			"to": [17.84, 12.86, -3.14],
			"rotation": {"angle": -45, "axis": "z", "origin": [17.84, 10.1, -3.14]},
			"color": 2,
			"faces": {
				"north": {"uv": [22, 28.5, 22.5, 29.5], "texture": "#missing"},
				"east": {"uv": [21.5, 28.5, 22, 29.5], "texture": "#missing"},
				"south": {"uv": [23, 28.5, 23.5, 29.5], "texture": "#missing"},
				"west": {"uv": [22.5, 28.5, 23, 29.5], "texture": "#missing"},
				"up": {"uv": [22.5, 28.5, 22, 28], "texture": "#missing"},
				"down": {"uv": [23, 28, 22.5, 28.5], "texture": "#missing"}
			}
		},
		{
			"name": "bone2",
			"from": [-5.9, 5.58, 23.08],
			"to": [-3.14, 6.96, 24.46],
			"rotation": {"angle": 0, "axis": "y", "origin": [3.76, -8.22, 32.74]},
			"color": 2,
			"faces": {
				"north": {"uv": [51, 34.5, 52, 35], "texture": "#missing"},
				"east": {"uv": [50.5, 34.5, 51, 35], "texture": "#missing"},
				"south": {"uv": [52.5, 34.5, 53.5, 35], "texture": "#missing"},
				"west": {"uv": [52, 34.5, 52.5, 35], "texture": "#missing"},
				"up": {"uv": [52, 34.5, 51, 34], "texture": "#missing"},
				"down": {"uv": [53, 34, 52, 34.5], "texture": "#missing"}
			}
		},
		{
			"name": "bone2",
			"from": [18.46, 4.58, 23.08],
			"to": [19.84, 7.34, 24.46],
			"rotation": {"angle": -45, "axis": "z", "origin": [19.84, 4.58, 24.46]},
			"color": 2,
			"faces": {
				"north": {"uv": [51, 36, 51.5, 37], "texture": "#missing"},
				"east": {"uv": [50.5, 36, 51, 37], "texture": "#missing"},
				"south": {"uv": [52, 36, 52.5, 37], "texture": "#missing"},
				"west": {"uv": [51.5, 36, 52, 37], "texture": "#missing"},
				"up": {"uv": [51.5, 36, 51, 35.5], "texture": "#missing"},
				"down": {"uv": [52, 35.5, 51.5, 36], "texture": "#missing"}
			}
		},
		{
			"name": "bone2",
			"from": [-7.28, 10.1, -3.14],
			"to": [-5.9, 12.86, -1.76],
			"rotation": {"angle": -45, "axis": "z", "origin": [-5.9, 10.1, -1.76]},
			"color": 2,
			"faces": {
				"north": {"uv": [22, 51.5, 22.5, 52.5], "texture": "#missing"},
				"east": {"uv": [21.5, 51.5, 22, 52.5], "texture": "#missing"},
				"south": {"uv": [23, 51.5, 23.5, 52.5], "texture": "#missing"},
				"west": {"uv": [22.5, 51.5, 23, 52.5], "texture": "#missing"},
				"up": {"uv": [22.5, 51.5, 22, 51], "texture": "#missing"},
				"down": {"uv": [23, 51, 22.5, 51.5], "texture": "#missing"}
			}
		},
		{
			"name": "bone9",
			"from": [16.18, 7.34, 23.94],
			"to": [17.56, 10.1, 23.94],
			"rotation": {"angle": 45, "axis": "x", "origin": [24.46, 7.34, 23.94]},
			"color": 3,
			"faces": {
				"north": {"uv": [25.5, 17, 26, 18], "texture": "#missing"},
				"east": {"uv": [25.5, 17, 25.5, 18], "texture": "#missing"},
				"south": {"uv": [26, 17, 26.5, 18], "texture": "#missing"},
				"west": {"uv": [26, 17, 26, 18], "texture": "#missing"},
				"up": {"uv": [26, 17, 25.5, 17], "texture": "#missing"},
				"down": {"uv": [26.5, 17, 26, 17], "texture": "#missing"}
			}
		},
		{
			"name": "bone9",
			"from": [-1.76, 8.72, 22.32],
			"to": [-0.38, 11.48, 22.32],
			"rotation": {"angle": 45, "axis": "x", "origin": [-1.76, 8.72, 22.32]},
			"color": 3,
			"faces": {
				"north": {"uv": [25.5, 18.5, 26, 19.5], "texture": "#missing"},
				"east": {"uv": [25.5, 18.5, 25.5, 19.5], "texture": "#missing"},
				"south": {"uv": [26, 18.5, 26.5, 19.5], "texture": "#missing"},
				"west": {"uv": [26, 18.5, 26, 19.5], "texture": "#missing"},
				"up": {"uv": [26, 18.5, 25.5, 18.5], "texture": "#missing"},
				"down": {"uv": [26.5, 18.5, 26, 18.5], "texture": "#missing"}
			}
		},
		{
			"from": [-5, 14, 19],
			"to": [19.74, 17, 27],
			"rotation": {"angle": 22.5, "axis": "x", "origin": [-3, 14, 19]},
			"color": 8,
			"faces": {
				"north": {"uv": [-10, 1, 2, 2.5], "texture": "#missing"},
				"east": {"uv": [-14, 1, -10, 2.5], "texture": "#missing"},
				"south": {"uv": [6, 1, 18, 2.5], "texture": "#missing"},
				"west": {"uv": [2, 1, 6, 2.5], "texture": "#missing"},
				"up": {"uv": [2, 1, -10, -3], "texture": "#missing"},
				"down": {"uv": [14, -3, 2, 1], "texture": "#missing"}
			}
		},
		{
			"name": "hexadecagon",
			"from": [19.91, 6.242, -8.66],
			"to": [21.29, 8.438, 2.38],
			"rotation": {"angle": -45, "axis": "x", "origin": [20.6, 7.34, -3.14]},
			"color": 8,
			"faces": {
				"north": {"uv": [1, 2, 1.5, 3], "texture": "#missing"},
				"east": {"uv": [0, 0, 5.5, 1], "texture": "#missing"},
				"south": {"uv": [1.5, 2, 2, 3], "texture": "#missing"},
				"west": {"uv": [0, 1, 5.5, 2], "texture": "#missing"},
				"up": {"uv": [0.5, 7.5, 0, 2], "texture": "#missing"},
				"down": {"uv": [1, 2, 0.5, 7.5], "texture": "#missing"}
			}
		},
		{
			"name": "hexadecagon",
			"from": [19.91, 6.242, -8.66],
			"to": [21.29, 8.438, 2.38],
			"rotation": {"angle": -22.5, "axis": "x", "origin": [20.6, 7.34, -3.14]},
			"faces": {
				"north": {"uv": [1, 2, 1.5, 3], "texture": "#33"},
				"east": {"uv": [0, 0, 5.5, 1], "texture": "#33"},
				"south": {"uv": [1.5, 2, 2, 3], "texture": "#33"},
				"west": {"uv": [0, 1, 5.5, 2], "texture": "#33"},
				"up": {"uv": [0.5, 7.5, 0, 2], "texture": "#33"},
				"down": {"uv": [1, 2, 0.5, 7.5], "texture": "#33"}
			}
		},
		{
			"name": "hexadecagon",
			"from": [19.91, 6.242, -8.66],
			"to": [21.29, 8.438, 2.38],
			"rotation": {"angle": 0, "axis": "y", "origin": [20.6, 7.34, -3.14]},
			"color": 8,
			"faces": {
				"north": {"uv": [1, 2, 1.5, 3], "texture": "#missing"},
				"east": {"uv": [0, 0, 5.5, 1], "texture": "#missing"},
				"south": {"uv": [1.5, 2, 2, 3], "texture": "#missing"},
				"west": {"uv": [0, 1, 5.5, 2], "texture": "#missing"},
				"up": {"uv": [0.5, 7.5, 0, 2], "texture": "#missing"},
				"down": {"uv": [1, 2, 0.5, 7.5], "texture": "#missing"}
			}
		},
		{
			"name": "hexadecagon",
			"from": [19.91, 6.242, -8.66],
			"to": [21.29, 8.438, 2.38],
			"rotation": {"angle": 22.5, "axis": "x", "origin": [20.6, 7.34, -3.14]},
			"faces": {
				"north": {"uv": [1, 2, 1.5, 3], "texture": "#32"},
				"east": {"uv": [0, 0, 5.5, 1], "texture": "#32"},
				"south": {"uv": [1.5, 2, 2, 3], "texture": "#32"},
				"west": {"uv": [0, 1, 5.5, 2], "texture": "#32"},
				"up": {"uv": [0.5, 7.5, 0, 2], "texture": "#32"},
				"down": {"uv": [1, 2, 0.5, 7.5], "texture": "#32"}
			}
		},
		{
			"name": "hexadecagon",
			"from": [19.91, 6.242, -8.66],
			"to": [21.29, 8.438, 2.38],
			"rotation": {"angle": 45, "axis": "x", "origin": [20.6, 7.34, -3.14]},
			"color": 8,
			"faces": {
				"north": {"uv": [1, 2, 1.5, 3], "texture": "#missing"},
				"east": {"uv": [0, 0, 5.5, 1], "texture": "#missing"},
				"south": {"uv": [1.5, 2, 2, 3], "texture": "#missing"},
				"west": {"uv": [0, 1, 5.5, 2], "texture": "#missing"},
				"up": {"uv": [0.5, 7.5, 0, 2], "texture": "#missing"},
				"down": {"uv": [1, 2, 0.5, 7.5], "texture": "#missing"}
			}
		},
		{
			"name": "hexadecagon",
			"from": [19.91, 1.82, -4.238],
			"to": [21.29, 12.86, -2.042],
			"rotation": {"angle": -22.5, "axis": "x", "origin": [20.6, 7.34, -3.14]},
			"faces": {
				"north": {"uv": [2, 0, 2.5, 5.5], "texture": "#31"},
				"east": {"uv": [0, 0, 1, 5.5], "texture": "#31"},
				"south": {"uv": [2.5, 0, 3, 5.5], "texture": "#31"},
				"west": {"uv": [1, 0, 2, 5.5], "texture": "#31"},
				"up": {"uv": [3.5, 1, 3, 0], "texture": "#31"},
				"down": {"uv": [3.5, 1, 3, 2], "texture": "#31"}
			}
		},
		{
			"name": "hexadecagon",
			"from": [19.91, 1.82, -4.238],
			"to": [21.29, 12.86, -2.042],
			"rotation": {"angle": 0, "axis": "y", "origin": [20.6, 7.34, -3.14]},
			"color": 8,
			"faces": {
				"north": {"uv": [2, 0, 2.5, 5.5], "texture": "#missing"},
				"east": {"uv": [0, 0, 1, 5.5], "texture": "#missing"},
				"south": {"uv": [2.5, 0, 3, 5.5], "texture": "#missing"},
				"west": {"uv": [1, 0, 2, 5.5], "texture": "#missing"},
				"up": {"uv": [3.5, 1, 3, 0], "texture": "#missing"},
				"down": {"uv": [3.5, 1, 3, 2], "texture": "#missing"}
			}
		},
		{
			"name": "hexadecagon",
			"from": [19.91, 1.82, -4.238],
			"to": [21.29, 12.86, -2.042],
			"rotation": {"angle": 22.5, "axis": "x", "origin": [20.6, 7.34, -3.14]},
			"faces": {
				"north": {"uv": [2, 0, 2.5, 5.5], "texture": "#34"},
				"east": {"uv": [0, 0, 1, 5.5], "texture": "#34"},
				"south": {"uv": [2.5, 0, 3, 5.5], "texture": "#34"},
				"west": {"uv": [1, 0, 2, 5.5], "texture": "#34"},
				"up": {"uv": [3.5, 1, 3, 0], "texture": "#34"},
				"down": {"uv": [3.5, 1, 3, 2], "texture": "#34"}
			}
		},
		{
			"name": "hexadecagon",
			"from": [-6.59, 6.242, -8.66],
			"to": [-5.21, 8.438, 2.38],
			"rotation": {"angle": -45, "axis": "x", "origin": [-5.9, 7.34, -3.14]},
			"faces": {
				"north": {"uv": [1, 2, 1.5, 3], "texture": "#28"},
				"east": {"uv": [0, 0, 5.5, 1], "texture": "#28"},
				"south": {"uv": [1.5, 2, 2, 3], "texture": "#28"},
				"west": {"uv": [0, 1, 5.5, 2], "texture": "#28"},
				"up": {"uv": [0.5, 7.5, 0, 2], "texture": "#28"},
				"down": {"uv": [1, 2, 0.5, 7.5], "texture": "#28"}
			}
		},
		{
			"name": "hexadecagon",
			"from": [-6.59, 6.242, -8.66],
			"to": [-5.21, 8.438, 2.38],
			"rotation": {"angle": -22.5, "axis": "x", "origin": [-5.9, 7.34, -3.14]},
			"color": 8,
			"faces": {
				"north": {"uv": [1, 2, 1.5, 3], "texture": "#missing"},
				"east": {"uv": [0, 0, 5.5, 1], "texture": "#missing"},
				"south": {"uv": [1.5, 2, 2, 3], "texture": "#missing"},
				"west": {"uv": [0, 1, 5.5, 2], "texture": "#missing"},
				"up": {"uv": [0.5, 7.5, 0, 2], "texture": "#missing"},
				"down": {"uv": [1, 2, 0.5, 7.5], "texture": "#missing"}
			}
		},
		{
			"name": "hexadecagon",
			"from": [-6.59, 6.242, -8.66],
			"to": [-5.21, 8.438, 2.38],
			"rotation": {"angle": 0, "axis": "y", "origin": [-5.9, 7.34, -3.14]},
			"faces": {
				"north": {"uv": [1, 2, 1.5, 3], "texture": "#29"},
				"east": {"uv": [0, 0, 5.5, 1], "texture": "#29"},
				"south": {"uv": [1.5, 2, 2, 3], "texture": "#29"},
				"west": {"uv": [0, 1, 5.5, 2], "texture": "#29"},
				"up": {"uv": [0.5, 7.5, 0, 2], "texture": "#29"},
				"down": {"uv": [1, 2, 0.5, 7.5], "texture": "#29"}
			}
		},
		{
			"name": "hexadecagon",
			"from": [-6.59, 6.242, -8.66],
			"to": [-5.21, 8.438, 2.38],
			"rotation": {"angle": 22.5, "axis": "x", "origin": [-5.9, 7.34, -3.14]},
			"color": 8,
			"faces": {
				"north": {"uv": [1, 2, 1.5, 3], "texture": "#missing"},
				"east": {"uv": [0, 0, 5.5, 1], "texture": "#missing"},
				"south": {"uv": [1.5, 2, 2, 3], "texture": "#missing"},
				"west": {"uv": [0, 1, 5.5, 2], "texture": "#missing"},
				"up": {"uv": [0.5, 7.5, 0, 2], "texture": "#missing"},
				"down": {"uv": [1, 2, 0.5, 7.5], "texture": "#missing"}
			}
		},
		{
			"name": "hexadecagon",
			"from": [-6.59, 6.242, -8.66],
			"to": [-5.21, 8.438, 2.38],
			"rotation": {"angle": 45, "axis": "x", "origin": [-5.9, 7.34, -3.14]},
			"faces": {
				"north": {"uv": [1, 2, 1.5, 3], "texture": "#30"},
				"east": {"uv": [0, 0, 5.5, 1], "texture": "#30"},
				"south": {"uv": [1.5, 2, 2, 3], "texture": "#30"},
				"west": {"uv": [0, 1, 5.5, 2], "texture": "#30"},
				"up": {"uv": [0.5, 7.5, 0, 2], "texture": "#30"},
				"down": {"uv": [1, 2, 0.5, 7.5], "texture": "#30"}
			}
		},
		{
			"name": "hexadecagon",
			"from": [-6.59, 1.82, -4.238],
			"to": [-5.21, 12.86, -2.042],
			"rotation": {"angle": -22.5, "axis": "x", "origin": [-5.9, 7.34, -3.14]},
			"color": 8,
			"faces": {
				"north": {"uv": [2, 0, 2.5, 5.5], "texture": "#missing"},
				"east": {"uv": [0, 0, 1, 5.5], "texture": "#missing"},
				"south": {"uv": [2.5, 0, 3, 5.5], "texture": "#missing"},
				"west": {"uv": [1, 0, 2, 5.5], "texture": "#missing"},
				"up": {"uv": [3.5, 1, 3, 0], "texture": "#missing"},
				"down": {"uv": [3.5, 1, 3, 2], "texture": "#missing"}
			}
		},
		{
			"name": "hexadecagon",
			"from": [-6.59, 1.82, -4.238],
			"to": [-5.21, 12.86, -2.042],
			"rotation": {"angle": 0, "axis": "y", "origin": [-5.9, 7.34, -3.14]},
			"faces": {
				"north": {"uv": [2, 0, 2.5, 5.5], "texture": "#24"},
				"east": {"uv": [0, 0, 1, 5.5], "texture": "#24"},
				"south": {"uv": [2.5, 0, 3, 5.5], "texture": "#24"},
				"west": {"uv": [1, 0, 2, 5.5], "texture": "#24"},
				"up": {"uv": [3.5, 1, 3, 0], "texture": "#24"},
				"down": {"uv": [3.5, 1, 3, 2], "texture": "#24"}
			}
		},
		{
			"name": "hexadecagon",
			"from": [-6.59, 1.82, -4.238],
			"to": [-5.21, 12.86, -2.042],
			"rotation": {"angle": 22.5, "axis": "x", "origin": [-5.9, 7.34, -3.14]},
			"color": 8,
			"faces": {
				"north": {"uv": [2, 0, 2.5, 5.5], "texture": "#missing"},
				"east": {"uv": [0, 0, 1, 5.5], "texture": "#missing"},
				"south": {"uv": [2.5, 0, 3, 5.5], "texture": "#missing"},
				"west": {"uv": [1, 0, 2, 5.5], "texture": "#missing"},
				"up": {"uv": [3.5, 1, 3, 0], "texture": "#missing"},
				"down": {"uv": [3.5, 1, 3, 2], "texture": "#missing"}
			}
		},
		{
			"name": "hexadecagon",
			"from": [-6.59, 5.1365, 20.32],
			"to": [-5.21, 6.7835, 28.6],
			"rotation": {"angle": -45, "axis": "x", "origin": [-5.9, 5.96, 24.46]},
			"faces": {
				"north": {"uv": [1, 2, 1.5, 3], "texture": "#1"},
				"east": {"uv": [0, 0, 4, 1], "texture": "#1"},
				"south": {"uv": [1.5, 2, 2, 3], "texture": "#1"},
				"west": {"uv": [0, 1, 4, 2], "texture": "#1"},
				"up": {"uv": [0.5, 6, 0, 2], "texture": "#1"},
				"down": {"uv": [1, 2, 0.5, 6], "texture": "#1"}
			}
		},
		{
			"name": "hexadecagon",
			"from": [-6.59, 5.1365, 20.32],
			"to": [-5.21, 6.7835, 28.6],
			"rotation": {"angle": -22.5, "axis": "x", "origin": [-5.9, 5.96, 24.46]},
			"color": 8,
			"faces": {
				"north": {"uv": [1, 2, 1.5, 3], "texture": "#missing"},
				"east": {"uv": [0, 0, 4, 1], "texture": "#missing"},
				"south": {"uv": [1.5, 2, 2, 3], "texture": "#missing"},
				"west": {"uv": [0, 1, 4, 2], "texture": "#missing"},
				"up": {"uv": [0.5, 6, 0, 2], "texture": "#missing"},
				"down": {"uv": [1, 2, 0.5, 6], "texture": "#missing"}
			}
		},
		{
			"name": "hexadecagon",
			"from": [-6.59, 5.1365, 20.32],
			"to": [-5.21, 6.7835, 28.6],
			"rotation": {"angle": 0, "axis": "y", "origin": [-5.9, 5.96, 24.46]},
			"faces": {
				"north": {"uv": [1, 2, 1.5, 3], "texture": "#2"},
				"east": {"uv": [0, 0, 4, 1], "texture": "#2"},
				"south": {"uv": [1.5, 2, 2, 3], "texture": "#2"},
				"west": {"uv": [0, 1, 4, 2], "texture": "#2"},
				"up": {"uv": [0.5, 6, 0, 2], "texture": "#2"},
				"down": {"uv": [1, 2, 0.5, 6], "texture": "#2"}
			}
		},
		{
			"name": "hexadecagon",
			"from": [-6.59, 5.1365, 20.32],
			"to": [-5.21, 6.7835, 28.6],
			"rotation": {"angle": 22.5, "axis": "x", "origin": [-5.9, 5.96, 24.46]},
			"color": 8,
			"faces": {
				"north": {"uv": [1, 2, 1.5, 3], "texture": "#missing"},
				"east": {"uv": [0, 0, 4, 1], "texture": "#missing"},
				"south": {"uv": [1.5, 2, 2, 3], "texture": "#missing"},
				"west": {"uv": [0, 1, 4, 2], "texture": "#missing"},
				"up": {"uv": [0.5, 6, 0, 2], "texture": "#missing"},
				"down": {"uv": [1, 2, 0.5, 6], "texture": "#missing"}
			}
		},
		{
			"name": "hexadecagon",
			"from": [-6.59, 5.1365, 20.32],
			"to": [-5.21, 6.7835, 28.6],
			"rotation": {"angle": 45, "axis": "x", "origin": [-5.9, 5.96, 24.46]},
			"faces": {
				"north": {"uv": [1, 2, 1.5, 3], "texture": "#3"},
				"east": {"uv": [0, 0, 4, 1], "texture": "#3"},
				"south": {"uv": [1.5, 2, 2, 3], "texture": "#3"},
				"west": {"uv": [0, 1, 4, 2], "texture": "#3"},
				"up": {"uv": [0.5, 6, 0, 2], "texture": "#3"},
				"down": {"uv": [1, 2, 0.5, 6], "texture": "#3"}
			}
		},
		{
			"name": "hexadecagon",
			"from": [-6.59, 1.82, 23.6365],
			"to": [-5.21, 10.1, 25.2835],
			"rotation": {"angle": -22.5, "axis": "x", "origin": [-5.9, 5.96, 24.46]},
			"color": 8,
			"faces": {
				"north": {"uv": [2, 0, 2.5, 4], "texture": "#missing"},
				"east": {"uv": [0, 0, 1, 4], "texture": "#missing"},
				"south": {"uv": [2.5, 0, 3, 4], "texture": "#missing"},
				"west": {"uv": [1, 0, 2, 4], "texture": "#missing"},
				"up": {"uv": [3.5, 1, 3, 0], "texture": "#missing"},
				"down": {"uv": [3.5, 1, 3, 2], "texture": "#missing"}
			}
		},
		{
			"name": "hexadecagon",
			"from": [-6.59, 1.82, 23.6365],
			"to": [-5.21, 10.1, 25.2835],
			"rotation": {"angle": 0, "axis": "y", "origin": [-5.9, 5.96, 24.46]},
			"faces": {
				"north": {"uv": [2, 0, 2.5, 4], "texture": "#0"},
				"east": {"uv": [0, 0, 1, 4], "texture": "#0"},
				"south": {"uv": [2.5, 0, 3, 4], "texture": "#0"},
				"west": {"uv": [1, 0, 2, 4], "texture": "#0"},
				"up": {"uv": [3.5, 1, 3, 0], "texture": "#0"},
				"down": {"uv": [3.5, 1, 3, 2], "texture": "#0"}
			}
		},
		{
			"name": "hexadecagon",
			"from": [-6.59, 1.82, 23.6365],
			"to": [-5.21, 10.1, 25.2835],
			"rotation": {"angle": 22.5, "axis": "x", "origin": [-5.9, 5.96, 24.46]},
			"color": 8,
			"faces": {
				"north": {"uv": [2, 0, 2.5, 4], "texture": "#missing"},
				"east": {"uv": [0, 0, 1, 4], "texture": "#missing"},
				"south": {"uv": [2.5, 0, 3, 4], "texture": "#missing"},
				"west": {"uv": [1, 0, 2, 4], "texture": "#missing"},
				"up": {"uv": [3.5, 1, 3, 0], "texture": "#missing"},
				"down": {"uv": [3.5, 1, 3, 2], "texture": "#missing"}
			}
		},
		{
			"name": "hexadecagon",
			"from": [20.91, 5.1365, 20.32],
			"to": [22.29, 6.7835, 28.6],
			"rotation": {"angle": -45, "axis": "x", "origin": [21.6, 5.96, 24.46]},
			"color": 8,
			"faces": {
				"north": {"uv": [1, 2, 1.5, 3], "texture": "#missing"},
				"east": {"uv": [0, 0, 4, 1], "texture": "#missing"},
				"south": {"uv": [1.5, 2, 2, 3], "texture": "#missing"},
				"west": {"uv": [0, 1, 4, 2], "texture": "#missing"},
				"up": {"uv": [0.5, 6, 0, 2], "texture": "#missing"},
				"down": {"uv": [1, 2, 0.5, 6], "texture": "#missing"}
			}
		},
		{
			"name": "hexadecagon",
			"from": [20.91, 5.1365, 20.32],
			"to": [22.29, 6.7835, 28.6],
			"rotation": {"angle": -22.5, "axis": "x", "origin": [21.6, 5.96, 24.46]},
			"faces": {
				"north": {"uv": [1, 2, 1.5, 3], "texture": "#7"},
				"east": {"uv": [0, 0, 4, 1], "texture": "#7"},
				"south": {"uv": [1.5, 2, 2, 3], "texture": "#7"},
				"west": {"uv": [0, 1, 4, 2], "texture": "#7"},
				"up": {"uv": [0.5, 6, 0, 2], "texture": "#7"},
				"down": {"uv": [1, 2, 0.5, 6], "texture": "#7"}
			}
		},
		{
			"name": "hexadecagon",
			"from": [20.91, 5.1365, 20.32],
			"to": [22.29, 6.7835, 28.6],
			"rotation": {"angle": 0, "axis": "y", "origin": [21.6, 5.96, 24.46]},
			"color": 8,
			"faces": {
				"north": {"uv": [1, 2, 1.5, 3], "texture": "#missing"},
				"east": {"uv": [0, 0, 4, 1], "texture": "#missing"},
				"south": {"uv": [1.5, 2, 2, 3], "texture": "#missing"},
				"west": {"uv": [0, 1, 4, 2], "texture": "#missing"},
				"up": {"uv": [0.5, 6, 0, 2], "texture": "#missing"},
				"down": {"uv": [1, 2, 0.5, 6], "texture": "#missing"}
			}
		},
		{
			"name": "hexadecagon",
			"from": [20.91, 5.1365, 20.32],
			"to": [22.29, 6.7835, 28.6],
			"rotation": {"angle": 22.5, "axis": "x", "origin": [21.6, 5.96, 24.46]},
			"faces": {
				"north": {"uv": [1, 2, 1.5, 3], "texture": "#6"},
				"east": {"uv": [0, 0, 4, 1], "texture": "#6"},
				"south": {"uv": [1.5, 2, 2, 3], "texture": "#6"},
				"west": {"uv": [0, 1, 4, 2], "texture": "#6"},
				"up": {"uv": [0.5, 6, 0, 2], "texture": "#6"},
				"down": {"uv": [1, 2, 0.5, 6], "texture": "#6"}
			}
		},
		{
			"name": "hexadecagon",
			"from": [20.91, 5.1365, 20.32],
			"to": [22.29, 6.7835, 28.6],
			"rotation": {"angle": 45, "axis": "x", "origin": [21.6, 5.96, 24.46]},
			"color": 8,
			"faces": {
				"north": {"uv": [1, 2, 1.5, 3], "texture": "#missing"},
				"east": {"uv": [0, 0, 4, 1], "texture": "#missing"},
				"south": {"uv": [1.5, 2, 2, 3], "texture": "#missing"},
				"west": {"uv": [0, 1, 4, 2], "texture": "#missing"},
				"up": {"uv": [0.5, 6, 0, 2], "texture": "#missing"},
				"down": {"uv": [1, 2, 0.5, 6], "texture": "#missing"}
			}
		},
		{
			"name": "hexadecagon",
			"from": [20.91, 1.82, 23.6365],
			"to": [22.29, 10.1, 25.2835],
			"rotation": {"angle": -22.5, "axis": "x", "origin": [21.6, 5.96, 24.46]},
			"faces": {
				"north": {"uv": [2, 0, 2.5, 4], "texture": "#5"},
				"east": {"uv": [0, 0, 1, 4], "texture": "#5"},
				"south": {"uv": [2.5, 0, 3, 4], "texture": "#5"},
				"west": {"uv": [1, 0, 2, 4], "texture": "#5"},
				"up": {"uv": [3.5, 1, 3, 0], "texture": "#5"},
				"down": {"uv": [3.5, 1, 3, 2], "texture": "#5"}
			}
		},
		{
			"name": "hexadecagon",
			"from": [20.91, 1.82, 23.6365],
			"to": [22.29, 10.1, 25.2835],
			"rotation": {"angle": 0, "axis": "y", "origin": [21.6, 5.96, 24.46]},
			"color": 8,
			"faces": {
				"north": {"uv": [2, 0, 2.5, 4], "texture": "#missing"},
				"east": {"uv": [0, 0, 1, 4], "texture": "#missing"},
				"south": {"uv": [2.5, 0, 3, 4], "texture": "#missing"},
				"west": {"uv": [1, 0, 2, 4], "texture": "#missing"},
				"up": {"uv": [3.5, 1, 3, 0], "texture": "#missing"},
				"down": {"uv": [3.5, 1, 3, 2], "texture": "#missing"}
			}
		},
		{
			"name": "hexadecagon",
			"from": [20.91, 1.82, 23.6365],
			"to": [22.29, 10.1, 25.2835],
			"rotation": {"angle": 22.5, "axis": "x", "origin": [21.6, 5.96, 24.46]},
			"faces": {
				"north": {"uv": [2, 0, 2.5, 4], "texture": "#4"},
				"east": {"uv": [0, 0, 1, 4], "texture": "#4"},
				"south": {"uv": [2.5, 0, 3, 4], "texture": "#4"},
				"west": {"uv": [1, 0, 2, 4], "texture": "#4"},
				"up": {"uv": [3.5, 1, 3, 0], "texture": "#4"},
				"down": {"uv": [3.5, 1, 3, 2], "texture": "#4"}
			}
		},
		{
			"from": [10, 24, -16],
			"to": [13, 27, -11],
			"rotation": {"angle": 0, "axis": "y", "origin": [10, 24, -13]},
			"color": 9,
			"faces": {
				"north": {"uv": [0.5, 1, 2, 2.5], "texture": "#missing"},
				"east": {"uv": [-2, 1, 0.5, 2.5], "texture": "#missing"},
				"south": {"uv": [4.5, 1, 6, 2.5], "texture": "#missing"},
				"west": {"uv": [2, 1, 4.5, 2.5], "texture": "#missing"},
				"up": {"uv": [2, 1, 0.5, -1.5], "texture": "#missing"},
				"down": {"uv": [3.5, -1.5, 2, 1], "texture": "#missing"}
			}
		}
	],
	"groups": [
		{
			"name": "bb_main",
			"origin": [1, -52, 1],
			"color": 0,
			"children": [
				0,
				{
					"name": "bone3",
					"origin": [1, -32.68, 1],
					"color": 7,
					"children": [1, 2]
				},
				{
					"name": "bone",
					"origin": [1, -52, 1],
					"color": 1,
					"children": [3, 4]
				},
				{
					"name": "bone4",
					"origin": [1, -53.38, 1],
					"color": 8,
					"children": [5]
				},
				{
					"name": "bone5",
					"origin": [1, -54.76, 5.14],
					"color": 9,
					"children": []
				},
				{
					"name": "bone6",
					"origin": [1, -52, 1],
					"color": 0,
					"children": [6, 7, 8, 9]
				},
				{
					"name": "bone7",
					"origin": [1, -52, 1],
					"color": 1,
					"children": [10]
				},
				{
					"name": "bone8",
					"origin": [1, -52, 1],
					"color": 2,
					"children": [11, 12, 13, 14, 15, 16]
				},
				{
					"name": "bone2",
					"origin": [-39.02, 7.34, -0.38],
					"color": 2,
					"children": [17, 18, 19, 20]
				},
				{
					"name": "bone9",
					"origin": [7.9, -0.94, 1],
					"color": 3,
					"children": [21, 22, 23]
				},
				{
					"name": "hexadecagon",
					"origin": [17.56, -3.7, -14.18],
					"color": 0,
					"children": [24, 25, 26, 27, 28, 29, 30, 31]
				},
				{
					"name": "hexadecagon2",
					"origin": [-16.94, -3.7, -14.18],
					"color": 1,
					"children": [32, 33, 34, 35, 36, 37, 38, 39]
				},
				{
					"name": "hexadecagon",
					"origin": [-16.94, -5.08, 13.42],
					"color": 0,
					"children": [40, 41, 42, 43, 44, 45, 46, 47]
				},
				{
					"name": "hexadecagon3",
					"origin": [17.56, -5.08, 13.42],
					"color": 0,
					"children": [48, 49, 50, 51, 52, 53, 54, 55]
				}
			]
		},
		56
	]
}