{"stats":{"minecraft:picked_up":{"minecraft:feather":2,"minecraft:cactus":81,"minecraft:birch_boat":1,"minecraft:shroomlight":1,"minecraft:yellow_concrete":1,"minecraft:fire_charge":1,"minecraft:porkchop":2,"minecraft:saddle":1,"minecraft:light_blue_shulker_box":1,"minecraft:shield":1,"minecraft:snowball":1},"minecraft:custom":{"minecraft:time_since_rest":344492,"minecraft:damage_taken":170,"minecraft:sneak_time":599,"minecraft:crouch_one_cm":428,"minecraft:open_shulker_box":2,"minecraft:play_time":582677,"minecraft:sprint_one_cm":138052,"minecraft:walk_one_cm":132559,"minecraft:deaths":1,"minecraft:walk_under_water_one_cm":5860,"minecraft:boat_one_cm":4144731,"minecraft:jump":518,"minecraft:leave_game":67,"minecraft:walk_on_water_one_cm":83413,"minecraft:time_since_death":344456,"minecraft:total_world_time":582677,"minecraft:fall_one_cm":5550,"minecraft:fly_one_cm":998651,"minecraft:horse_one_cm":96},"minecraft:used":{"minecraft:sand":42,"minecraft:shroomlight":21,"minecraft:fire_charge":2,"minecraft:water_bucket":1049,"minecraft:lava_bucket":210,"minecraft:dirt":10,"minecraft:grass_block":3,"minecraft:yellow_concrete":23,"minecraft:bucket":18,"minecraft:cactus":5,"minecraft:sandstone":225,"minecraft:birch_boat":1,"minecraft:white_concrete":1,"minecraft:gray_concrete":1,"minecraft:snowball":16,"minecraft:smooth_stone":4,"minecraft:bedrock":3}},"DataVersion":4189}