{"stats":{"minecraft:dropped":{"minecraft:water_bucket":1,"minecraft:birch_planks":1,"minecraft:birch_pressure_plate":1,"minecraft:polished_tuff_stairs":1,"minecraft:polished_tuff":1,"minecraft:jungle_planks":1,"minecraft:stone_stairs":1,"minecraft:bedrock":1,"minecraft:spruce_fence":1,"minecraft:polished_deepslate_stairs":2,"minecraft:grass_block":12,"minecraft:spruce_fence_gate":1,"minecraft:stick":3,"minecraft:cobblestone_stairs":2,"minecraft:gray_concrete":2,"minecraft:jungle_slab":3,"minecraft:stone":15,"minecraft:torch":1,"minecraft:wooden_axe":1,"minecraft:quartz_stairs":2,"minecraft:stone_bricks":3,"minecraft:bone_meal":2,"minecraft:flowering_azalea_leaves":5},"minecraft:picked_up":{"minecraft:wooden_axe":1,"minecraft:water_bucket":1,"minecraft:lead":2,"minecraft:birch_planks":1,"minecraft:oak_log":16,"minecraft:cobblestone_stairs":1,"minecraft:gray_concrete":2,"minecraft:stone_stairs":1,"minecraft:birch_pressure_plate":1,"minecraft:polished_tuff_stairs":1,"minecraft:oak_sign":2,"minecraft:stone_bricks":3,"minecraft:azalea":1,"minecraft:quartz_stairs":2,"minecraft:stick":5,"minecraft:stone":14,"minecraft:polished_deepslate_stairs":2,"minecraft:spruce_fence":1,"minecraft:torch":6,"minecraft:flowering_azalea_leaves":5,"minecraft:porkchop":3,"minecraft:jungle_planks":1,"minecraft:grass_block":12,"minecraft:jungle_slab":3,"minecraft:polished_tuff":1,"minecraft:spruce_fence_gate":1,"minecraft:bone_meal":2,"minecraft:cherry_sapling":3},"minecraft:used":{"minecraft:turtle_spawn_egg":5,"minecraft:short_grass":47,"minecraft:cherry_sapling":11,"minecraft:water_bucket":178,"minecraft:diorite":145,"minecraft:rose_bush":7,"minecraft:cherry_wood":17,"minecraft:cobblestone_stairs":6,"minecraft:torchflower":1,"minecraft:flint_and_steel":125,"minecraft:spruce_slab":111,"minecraft:polished_blackstone":2,"minecraft:blackstone_stairs":1,"minecraft:poppy":2,"minecraft:oak_sign":28,"minecraft:axolotl_spawn_egg":1,"minecraft:chest":1,"minecraft:black_shulker_box":2,"minecraft:stone":820,"minecraft:quartz_stairs":10,"minecraft:cobblestone_slab":758,"minecraft:torch":40,"minecraft:polished_tuff_stairs":3,"minecraft:vine":10,"minecraft:tnt":74,"minecraft:oak_slab":2,"minecraft:cherry_pressure_plate":1,"minecraft:jungle_planks":148,"minecraft:spruce_stairs":1,"minecraft:jungle_slab":4,"minecraft:stone_stairs":53,"minecraft:dark_oak_fence_gate":13,"minecraft:stone_brick_wall":178,"minecraft:gray_concrete":1246,"minecraft:spruce_fence":111,"minecraft:cobbled_deepslate_stairs":1,"minecraft:obsidian":1,"minecraft:polished_tuff":1,"minecraft:polished_deepslate_stairs":113,"minecraft:shroomlight":3,"minecraft:mud":1,"minecraft:gray_terracotta":4,"minecraft:stone_brick_slab":50,"minecraft:red_shulker_box":1,"minecraft:netherite_block":3,"minecraft:black_concrete":15,"minecraft:cyan_terracotta":96,"minecraft:cornflower":45,"minecraft:red_tulip":4,"minecraft:iron_block":6,"minecraft:spruce_wood":2,"minecraft:lantern":8,"minecraft:grass_block":991,"minecraft:oak_stairs":1,"minecraft:barrier":939,"minecraft:birch_hanging_sign":6,"minecraft:jungle_stairs":5,"minecraft:stone_slab":15,"minecraft:red_terracotta":6,"minecraft:cherry_leaves":23,"minecraft:smooth_quartz":13,"minecraft:lilac":185,"minecraft:flowering_azalea_leaves":407,"minecraft:stone_brick_stairs":312,"minecraft:stone_bricks":2663,"minecraft:bedrock":11,"minecraft:glowstone":20,"minecraft:cod_spawn_egg":121,"minecraft:tall_grass":13,"minecraft:gold_block":11,"minecraft:white_concrete":232,"minecraft:turtle_egg":1,"minecraft:seagrass":2,"minecraft:bone_meal":63},"minecraft:killed":{"minecraft:pig":1,"minecraft:wandering_trader":1,"minecraft:axolotl":1},"minecraft:custom":{"minecraft:mob_kills":3,"minecraft:leave_game":42,"minecraft:time_since_death":90815,"minecraft:time_since_rest":90924,"minecraft:sprint_one_cm":150318,"minecraft:damage_taken":530,"minecraft:walk_one_cm":1333349,"minecraft:drop":63,"minecraft:damage_dealt":658,"minecraft:fly_one_cm":5244141,"minecraft:open_chest":1,"minecraft:crouch_one_cm":886,"minecraft:play_time":1499052,"minecraft:deaths":1,"minecraft:sneak_time":2023,"minecraft:walk_under_water_one_cm":715,"minecraft:boat_one_cm":695811,"minecraft:jump":1195,"minecraft:walk_on_water_one_cm":38413,"minecraft:total_world_time":1499052,"minecraft:fall_one_cm":2010}},"DataVersion":4189}