{"stats":{"minecraft:dropped":{"minecraft:light_blue_shulker_box":1},"minecraft:picked_up":{"minecraft:stick":5,"minecraft:cherry_sapling":12,"minecraft:oak_boat":1,"minecraft:white_concrete":1,"minecraft:light_blue_shulker_box":22,"minecraft:cherry_log":4,"minecraft:spruce_slab":35,"minecraft:gray_concrete":112,"minecraft:dirt":62,"minecraft:cobblestone":27},"minecraft:mined":{"minecraft:fire":1},"minecraft:used":{"minecraft:black_concrete":16,"minecraft:fire_charge":5,"minecraft:dirt":230,"minecraft:spruce_slab":218,"minecraft:oak_boat":47,"minecraft:egg":38,"minecraft:birch_boat":42,"minecraft:white_concrete":11,"minecraft:gray_concrete":1433,"minecraft:snowball":21,"minecraft:turtle_egg":8,"minecraft:obsidian":91},"minecraft:killed":{"minecraft:chicken":1},"minecraft:custom":{"minecraft:time_since_rest":364168,"minecraft:crouch_one_cm":22215,"minecraft:sprint_one_cm":112625,"minecraft:open_shulker_box":3,"minecraft:play_time":426572,"minecraft:walk_one_cm":368340,"minecraft:deaths":1,"minecraft:sneak_time":11289,"minecraft:mob_kills":1,"minecraft:boat_one_cm":5544436,"minecraft:drop":1,"minecraft:jump":589,"minecraft:damage_dealt":20,"minecraft:leave_game":69,"minecraft:time_since_death":364138,"minecraft:total_world_time":426572,"minecraft:fly_one_cm":752132}},"DataVersion":4189}