{"stats":{"minecraft:killed_by":{"minecraft:player":1},"minecraft:dropped":{"minecraft:water_bucket":1,"minecraft:torchflower":1,"minecraft:llama_spawn_egg":1,"minecraft:netherite_hoe":1,"minecraft:moss_block":1,"minecraft:diamond_axe":2,"minecraft:player_head":1,"minecraft:warped_fungus":2,"minecraft:weathered_copper_bulb":1,"minecraft:barrier":1,"minecraft:golden_axe":1,"minecraft:light_gray_wool":5,"minecraft:iron_hoe":1,"minecraft:leather":1,"minecraft:activator_rail":1,"minecraft:oxidized_copper_bulb":1,"minecraft:glass_pane":1,"minecraft:parrot_spawn_egg":1,"minecraft:grass_block":1,"minecraft:rail":1,"minecraft:donkey_spawn_egg":1,"minecraft:diamond_sword":4,"minecraft:orange_glazed_terracotta":1,"minecraft:lava_bucket":1,"minecraft:deepslate_gold_ore":1,"minecraft:stone":1,"minecraft:powder_snow_bucket":1,"minecraft:torch":3,"minecraft:diamond_pickaxe":1,"minecraft:repeater":1,"minecraft:andesite":1,"minecraft:wooden_axe":2,"minecraft:jungle_log":1,"minecraft:hopper":1,"minecraft:redstone_torch":1,"minecraft:jungle_sapling":1,"minecraft:sandstone":5,"minecraft:brain_coral":1,"minecraft:sand":3,"minecraft:flowering_azalea":1,"minecraft:iron_axe":1,"minecraft:campfire":1,"minecraft:powered_rail":1,"minecraft:glass":2,"minecraft:beef":3,"minecraft:cactus":1,"minecraft:white_stained_glass":1,"minecraft:black_wool":1},"minecraft:custom":{"minecraft:mob_kills":54,"minecraft:leave_game":40,"minecraft:time_since_death":416436,"minecraft:climb_one_cm":82,"minecraft:time_since_rest":416483,"minecraft:sprint_one_cm":25387,"minecraft:damage_taken":2727,"minecraft:walk_one_cm":606710,"minecraft:drop":65,"minecraft:damage_dealt":7843,"minecraft:fly_one_cm":6151545,"minecraft:play_time":2728880,"minecraft:deaths":8,"minecraft:sneak_time":29,"minecraft:walk_under_water_one_cm":22966,"minecraft:boat_one_cm":1010445,"minecraft:jump":1010,"minecraft:walk_on_water_one_cm":27597,"minecraft:total_world_time":2728880},"minecraft:picked_up":{"minecraft:wooden_axe":2,"minecraft:barrier":1,"minecraft:feather":7,"minecraft:chicken":2,"minecraft:leather":10,"minecraft:diamond_sword":3,"minecraft:lead":2,"minecraft:powder_snow_bucket":1,"minecraft:torchflower":1,"minecraft:lily_pad":1,"minecraft:iron_axe":1,"minecraft:orange_glazed_terracotta":1,"minecraft:glass":2,"minecraft:glass_pane":1,"minecraft:activator_rail":1,"minecraft:beef":5,"minecraft:redstone_torch":1,"minecraft:light_gray_wool":4,"minecraft:llama_spawn_egg":1,"minecraft:powered_rail":1,"minecraft:birch_boat":1,"minecraft:sandstone":3,"minecraft:warped_fungus":2,"minecraft:stone":1,"minecraft:torch":2,"minecraft:golden_axe":1,"minecraft:sand":2,"minecraft:cactus":338,"minecraft:deepslate_gold_ore":1,"minecraft:oak_sapling":2,"minecraft:black_wool":1,"minecraft:netherite_hoe":1,"minecraft:mutton":1,"minecraft:mangrove_propagule":1,"minecraft:hopper":1,"minecraft:rail":1},"minecraft:used":{"minecraft:water_bucket":132,"minecraft:weathered_copper_bulb":63,"minecraft:tadpole_spawn_egg":8,"minecraft:powered_rail":6,"minecraft:oak_planks":1,"minecraft:cactus":10,"minecraft:spruce_planks":11,"minecraft:sandstone":427,"minecraft:stone":57,"minecraft:red_mushroom_block":802,"minecraft:deepslate_gold_ore":1,"minecraft:parrot_spawn_egg":15,"minecraft:llama_spawn_egg":8,"minecraft:player_head":15,"minecraft:smooth_quartz_stairs":25,"minecraft:white_wool":54,"minecraft:torch":117,"minecraft:sand":363,"minecraft:hopper":2,"minecraft:orange_glazed_terracotta":46,"minecraft:campfire":1,"minecraft:oak_wood":1,"minecraft:camel_spawn_egg":6,"minecraft:gray_concrete":3,"minecraft:redstone_torch":6,"minecraft:oxidized_copper_bulb":12,"minecraft:shroomlight":19,"minecraft:black_wool":20,"minecraft:frog_spawn_egg":12,"minecraft:glass":82,"minecraft:flowering_azalea":1,"minecraft:activator_rail":2,"minecraft:black_concrete":1,"minecraft:lava_bucket":24,"minecraft:red_wool":34,"minecraft:iron_axe":6,"minecraft:grass_block":444,"minecraft:barrier":220,"minecraft:jungle_log":77,"minecraft:dark_oak_leaves":7,"minecraft:tropical_fish_spawn_egg":13,"minecraft:raw_gold_block":1,"minecraft:crimson_nylium":235,"minecraft:light_gray_wool":6,"minecraft:diamond_sword":178,"minecraft:magma_block":1,"minecraft:warped_stairs":23,"minecraft:white_stained_glass":16,"minecraft:andesite":19,"minecraft:glass_pane":1,"minecraft:pink_stained_glass":53},"minecraft:killed":{"minecraft:parrot":11,"minecraft:bat":9,"minecraft:wandering_trader":2,"minecraft:frog":8,"minecraft:trader_llama":4,"minecraft:sheep":1,"minecraft:donkey":1,"minecraft:chicken":2,"minecraft:llama":8,"minecraft:camel":6,"minecraft:cow":2}},"DataVersion":4189}