{"stats":{"minecraft:picked_up":{"minecraft:feather":1,"minecraft:leather":3,"minecraft:lead":4,"minecraft:acacia_boat":2,"minecraft:cornflower":1,"minecraft:dirt":54,"minecraft:lantern":3,"minecraft:armor_stand":1,"minecraft:shroomlight":5,"minecraft:stone_bricks":1,"minecraft:oak_slab":1,"minecraft:white_stained_glass_pane":1,"minecraft:birch_boat":3,"minecraft:torch":13,"minecraft:porkchop":2,"minecraft:light_blue_shulker_box":17,"minecraft:grass_block":2,"minecraft:oak_sapling":190,"minecraft:smooth_quartz_slab":1},"minecraft:mined":{"minecraft:grass_block":1},"minecraft:dropped":{"minecraft:oak_slab":1,"minecraft:barrier":1,"minecraft:grass_block":2,"minecraft:cobblestone_slab":1,"minecraft:smooth_quartz_slab":1,"minecraft:stone_bricks":1,"minecraft:white_stained_glass_pane":1,"minecraft:armor_stand":1},"minecraft:used":{"minecraft:orange_concrete_powder":14,"minecraft:cherry_sapling":49,"minecraft:acacia_boat":3,"minecraft:water_bucket":542,"minecraft:netherite_sword":21,"minecraft:light_blue_shulker_box":1,"minecraft:leather_leggings":1,"minecraft:rose_bush":24,"minecraft:cobblestone_stairs":60,"minecraft:torchflower":5,"minecraft:smooth_quartz_slab":34,"minecraft:armor_stand":4,"minecraft:spruce_slab":1520,"minecraft:polished_andesite":21,"minecraft:carrot_on_a_stick":4,"minecraft:chest":2,"minecraft:birch_boat":20,"minecraft:stone":995,"minecraft:beacon":9,"minecraft:quartz_stairs":2,"minecraft:cobblestone_slab":8,"minecraft:horse_spawn_egg":2,"minecraft:smooth_quartz_stairs":109,"minecraft:torch":163,"minecraft:diamond_block":67,"minecraft:anvil":1,"minecraft:oak_slab":57,"minecraft:blue_stained_glass":190,"minecraft:yellow_concrete":30,"minecraft:orange_wool":14,"minecraft:sponge":326,"minecraft:gray_concrete":2017,"minecraft:light_blue_stained_glass":1,"minecraft:snowball":129,"minecraft:obsidian":1,"minecraft:cyan_stained_glass":12,"minecraft:shroomlight":34,"minecraft:cornflower":60,"minecraft:black_concrete":5,"minecraft:sunflower":5,"minecraft:command_block":4,"minecraft:birch_slab":55,"minecraft:lantern":20,"minecraft:grass_block":834,"minecraft:barrier":136,"minecraft:pig_spawn_egg":1,"minecraft:polished_andesite_stairs":66,"minecraft:flowering_azalea_leaves":46,"minecraft:stone_bricks":130,"minecraft:glowstone":383,"minecraft:cobblestone":668,"minecraft:magma_block":3,"minecraft:end_crystal":2,"minecraft:chain_command_block":4,"minecraft:repeating_command_block":2,"minecraft:smooth_stone_slab":8,"minecraft:oak_boat":2,"minecraft:white_concrete":130,"minecraft:gray_wool":1,"minecraft:smooth_stone":39,"minecraft:bone_meal":304},"minecraft:custom":{"minecraft:mob_kills":7,"minecraft:interact_with_anvil":1,"minecraft:open_shulker_box":4,"minecraft:leave_game":283,"minecraft:time_since_death":1757396,"minecraft:time_since_rest":1757422,"minecraft:sprint_one_cm":939437,"minecraft:damage_taken":780,"minecraft:walk_one_cm":1924835,"minecraft:drop":9,"minecraft:damage_dealt":1537,"minecraft:interact_with_beacon":5,"minecraft:fly_one_cm":9255137,"minecraft:pig_one_cm":440782,"minecraft:open_chest":1,"minecraft:crouch_one_cm":42218,"minecraft:play_time":4748224,"minecraft:deaths":1,"minecraft:sneak_time":12982,"minecraft:walk_under_water_one_cm":12768,"minecraft:boat_one_cm":39623964,"minecraft:jump":2784,"minecraft:walk_on_water_one_cm":27188,"minecraft:total_world_time":4748224,"minecraft:fall_one_cm":267,"minecraft:horse_one_cm":81065},"minecraft:killed":{"minecraft:pig":1,"minecraft:wandering_trader":2,"minecraft:trader_llama":4}},"DataVersion":4189}