{"stats":{"minecraft:dropped":{"minecraft:oxidized_copper_bulb":1,"minecraft:barrier":2},"minecraft:custom":{"minecraft:time_since_rest":225719,"minecraft:open_chest":1,"minecraft:crouch_one_cm":334,"minecraft:play_time":321460,"minecraft:sprint_one_cm":76853,"minecraft:deaths":4,"minecraft:damage_taken":310,"minecraft:walk_one_cm":103335,"minecraft:sneak_time":416,"minecraft:boat_one_cm":2711866,"minecraft:drop":3,"minecraft:jump":990,"minecraft:damage_dealt":40,"minecraft:leave_game":23,"minecraft:time_since_death":225666,"minecraft:total_world_time":321460,"minecraft:fall_one_cm":3841,"minecraft:fly_one_cm":687850,"minecraft:horse_one_cm":23094},"minecraft:picked_up":{"minecraft:barrier":1,"minecraft:oxidized_copper_bulb":1},"minecraft:used":{"minecraft:oxidized_copper_bulb":1,"minecraft:bedrock":1,"minecraft:birch_slab":3,"minecraft:grass_block":3,"minecraft:gray_concrete":1}},"DataVersion":4189}