{"stats":{"minecraft:dropped":{"minecraft:gray_concrete":1,"minecraft:wooden_axe":2,"minecraft:sandstone":1,"minecraft:sand":4},"minecraft:custom":{"minecraft:time_since_rest":497806,"minecraft:sprint_one_cm":235680,"minecraft:damage_taken":340,"minecraft:walk_one_cm":774474,"minecraft:mob_kills":10,"minecraft:drop":8,"minecraft:damage_dealt":2145,"minecraft:fly_one_cm":4544110,"minecraft:player_kills":1,"minecraft:play_time":1306521,"minecraft:deaths":1,"minecraft:sneak_time":137,"minecraft:walk_under_water_one_cm":2307,"minecraft:jump":527,"minecraft:leave_game":25,"minecraft:time_since_death":497767,"minecraft:walk_on_water_one_cm":7193,"minecraft:climb_one_cm":176,"minecraft:total_world_time":1306521,"minecraft:fall_one_cm":404},"minecraft:picked_up":{"minecraft:wooden_axe":2,"minecraft:sandstone":2,"minecraft:repeater":1,"minecraft:andesite":1,"minecraft:lead":6,"minecraft:leather":5,"minecraft:torch":8,"minecraft:red_mushroom":1,"minecraft:sand":4,"minecraft:gray_concrete":1,"minecraft:cactus":410,"minecraft:black_wool":1},"minecraft:used":{"minecraft:short_grass":1,"minecraft:diamond_pickaxe":9,"minecraft:wooden_axe":32,"minecraft:water_bucket":58,"minecraft:tube_coral_fan":1,"minecraft:black_concrete":45,"minecraft:lava_bucket":92,"minecraft:sandstone_stairs":79,"minecraft:dead_bush":11,"minecraft:red_wool":62,"minecraft:grass_block":30,"minecraft:cactus":176,"minecraft:sandstone":866,"minecraft:stone":197,"minecraft:red_mushroom_block":575,"minecraft:spruce_sign":9,"minecraft:crimson_nylium":2,"minecraft:bedrock":34,"minecraft:white_wool":1,"minecraft:torch":3,"minecraft:dirt":185,"minecraft:sand":638,"minecraft:stone_stairs":166,"minecraft:pink_stained_glass":36,"minecraft:white_concrete":45,"minecraft:gray_concrete":208,"minecraft:mangrove_sign":3},"minecraft:killed":{"minecraft:trader_llama":6,"minecraft:chicken":1,"minecraft:wandering_trader":3}},"DataVersion":4189}