{
    "model": {
      "type": "minecraft:range_dispatch",
      "property": "minecraft:custom_model_data",
      "index": 0,
      "fallback": {
        "type": "minecraft:model",
        "model": "minecraft:item/carrot_on_a_stick"
      },
      "entries": [
        {
          "model": {
            "type": "minecraft:model",
            "model": "minecraft:item/kart"
          },
          "threshold": 123456
        },
        {
          "model": {
            "type": "minecraft:model",
            "model": "minecraft:item/purp"
          },
          "threshold": 123457
        },
        {
          "model": {
            "type": "minecraft:model",
            "model": "minecraft:item/zainy"
          },
          "threshold": 123458
        },
        {
            "model": {
              "type": "minecraft:model",
              "model": "minecraft:item/kass"
            },
            "threshold": 123459
          }
      ]
    }
  }